from,to,distance_km
WARRIGAL_RD N OF HIGH STREET_RD,POWER_ST S OF BARKERS_RD,30.17273284823139
POWER_ST S OF BARKERS_RD,WARRIGAL_RD N OF HIGH STREET_RD,30.17273284823139
WARRIGAL_RD N OF HIGH STREET_RD,CAMBERWELL_RD NW OF TRAFALGAR_RD,22.160671809029097
CAMBERWELL_RD NW OF TRAFALGAR_RD,WARRIGAL_RD N OF HIGH STREET_RD,22.160671809029097
WARRIGAL_RD N OF HIGH STREET_RD,CAMBERWELL_RD NW OF BURKE_RD,22.160671809029097
CAMBERWELL_RD NW OF BURKE_RD,WARRIGAL_RD N OF HIGH STREET_RD,22.160671809029097
WARRIGAL_RD N OF HIGH STREET_RD,BELMORE_RD W OF BALWYN_RD,61.14495868625641
BELMORE_RD W OF BALWYN_RD,WARRIGAL_RD N OF HIGH STREET_RD,61.14495868625641
WARRIGAL_RD N OF HIGH STREET_RD,POWER_ST N OF BURWOOD_RD,30.17273284823139
POWER_ST N OF BURWOOD_RD,WARRIGAL_RD N OF HIGH STREET_RD,30.17273284823139
WARRIGAL_RD N OF HIGH STREET_RD,POWER_ST S OF BURWOOD_RD,30.17273284823139
POWER_ST S OF BURWOOD_RD,WARRIGAL_RD N OF HIGH STREET_RD,30.17273284823139
WARRIGAL_RD N OF HIGH STREET_RD,BURWOOD_RD W OF POWER_ST,55.0940217634465
BURWOOD_RD W OF POWER_ST,WARRIGAL_RD N OF HIGH STREET_RD,55.0940217634465
WARRIGAL_RD N OF HIGH STREET_RD,BURWOOD_RD W OF GLENFERRIE_RD,55.0940217634465
BURWOOD_RD W OF GLENFERRIE_RD,WARRIGAL_RD N OF HIGH STREET_RD,55.0940217634465
WARRIGAL_RD N OF HIGH STREET_RD,BURWOOD_RD W OF AUBURN_RD,55.0940217634465
BURWOOD_RD W OF AUBURN_RD,WARRIGAL_RD N OF HIGH STREET_RD,55.0940217634465
WARRIGAL_RD N OF HIGH STREET_RD,TOORONGA_RD S OF RIVERSDALE_RD,49.73801548240277
TOORONGA_RD S OF RIVERSDALE_RD,WARRIGAL_RD N OF HIGH STREET_RD,49.73801548240277
WARRIGAL_RD N OF HIGH STREET_RD,TOORONGA_RD N OF TOORAK_RD,49.73801548240277
TOORONGA_RD N OF TOORAK_RD,WARRIGAL_RD N OF HIGH STREET_RD,49.73801548240277
WARRIGAL_RD N OF HIGH STREET_RD,WALMER_ST N OF VICTORIA_ST,67.61274413964954
WALMER_ST N OF VICTORIA_ST,WARRIGAL_RD N OF HIGH STREET_RD,67.61274413964954
HIGH STREET_RD E OF WARRIGAL_RD,HIGH_ST NE OF BARKERS_RD,99.97072020668686
HIGH_ST NE OF BARKERS_RD,HIGH STREET_RD E OF WARRIGAL_RD,99.97072020668686
HIGH STREET_RD E OF WARRIGAL_RD,HIGH_ST NE OF PRINCESS_ST,99.97072020668686
HIGH_ST NE OF PRINCESS_ST,HIGH STREET_RD E OF WARRIGAL_RD,99.97072020668686
HIGH STREET_RD E OF WARRIGAL_RD,HIGH_ST SW OF DENMARK_ST,76.41555382593947
HIGH_ST SW OF DENMARK_ST,HIGH STREET_RD E OF WARRIGAL_RD,76.41555382593947
HIGH STREET_RD E OF WARRIGAL_RD,HIGH_ST SW OF BURKE_RD,76.41555382593947
HIGH_ST SW OF BURKE_RD,HIGH STREET_RD E OF WARRIGAL_RD,76.41555382593947
HIGH STREET_RD E OF WARRIGAL_RD,HIGH_ST NE OF HARP_ST,99.97072020668686
HIGH_ST NE OF HARP_ST,HIGH STREET_RD E OF WARRIGAL_RD,99.97072020668686
HIGH STREET_RD E OF WARRIGAL_RD,HIGH_ST SW OF HARP_ST,76.41555382593947
HIGH_ST SW OF HARP_ST,HIGH STREET_RD E OF WARRIGAL_RD,76.41555382593947
HIGH STREET_RD E OF WARRIGAL_RD,HIGH_ST NE OF CHARLES_ST,99.97072020668686
HIGH_ST NE OF CHARLES_ST,HIGH STREET_RD E OF WARRIGAL_RD,99.97072020668686
WARRIGAL_RD S OF HIGH STREET_RD,POWER_ST S OF BARKERS_RD,30.17273284823139
POWER_ST S OF BARKERS_RD,WARRIGAL_RD S OF HIGH STREET_RD,30.17273284823139
WARRIGAL_RD S OF HIGH STREET_RD,CAMBERWELL_RD NW OF TRAFALGAR_RD,22.160671809029097
CAMBERWELL_RD NW OF TRAFALGAR_RD,WARRIGAL_RD S OF HIGH STREET_RD,22.160671809029097
WARRIGAL_RD S OF HIGH STREET_RD,CAMBERWELL_RD NW OF BURKE_RD,22.160671809029097
CAMBERWELL_RD NW OF BURKE_RD,WARRIGAL_RD S OF HIGH STREET_RD,22.160671809029097
WARRIGAL_RD S OF HIGH STREET_RD,BELMORE_RD W OF BALWYN_RD,61.14495868625641
BELMORE_RD W OF BALWYN_RD,WARRIGAL_RD S OF HIGH STREET_RD,61.14495868625641
WARRIGAL_RD S OF HIGH STREET_RD,POWER_ST N OF BURWOOD_RD,30.17273284823139
POWER_ST N OF BURWOOD_RD,WARRIGAL_RD S OF HIGH STREET_RD,30.17273284823139
WARRIGAL_RD S OF HIGH STREET_RD,POWER_ST S OF BURWOOD_RD,30.17273284823139
POWER_ST S OF BURWOOD_RD,WARRIGAL_RD S OF HIGH STREET_RD,30.17273284823139
WARRIGAL_RD S OF HIGH STREET_RD,BURWOOD_RD W OF POWER_ST,55.0940217634465
BURWOOD_RD W OF POWER_ST,WARRIGAL_RD S OF HIGH STREET_RD,55.0940217634465
WARRIGAL_RD S OF HIGH STREET_RD,BURWOOD_RD W OF GLENFERRIE_RD,55.0940217634465
BURWOOD_RD W OF GLENFERRIE_RD,WARRIGAL_RD S OF HIGH STREET_RD,55.0940217634465
WARRIGAL_RD S OF HIGH STREET_RD,BURWOOD_RD W OF AUBURN_RD,55.0940217634465
BURWOOD_RD W OF AUBURN_RD,WARRIGAL_RD S OF HIGH STREET_RD,55.0940217634465
WARRIGAL_RD S OF HIGH STREET_RD,TOORONGA_RD S OF RIVERSDALE_RD,49.73801548240277
TOORONGA_RD S OF RIVERSDALE_RD,WARRIGAL_RD S OF HIGH STREET_RD,49.73801548240277
WARRIGAL_RD S OF HIGH STREET_RD,TOORONGA_RD N OF TOORAK_RD,49.73801548240277
TOORONGA_RD N OF TOORAK_RD,WARRIGAL_RD S OF HIGH STREET_RD,49.73801548240277
WARRIGAL_RD S OF HIGH STREET_RD,WALMER_ST N OF VICTORIA_ST,67.61274413964954
WALMER_ST N OF VICTORIA_ST,WARRIGAL_RD S OF HIGH STREET_RD,67.61274413964954
HIGH STREET_RD W OF WARRIGAL_RD,HIGH_ST NE OF BARKERS_RD,99.97072020668686
HIGH_ST NE OF BARKERS_RD,HIGH STREET_RD W OF WARRIGAL_RD,99.97072020668686
HIGH STREET_RD W OF WARRIGAL_RD,HIGH_ST NE OF PRINCESS_ST,99.97072020668686
HIGH_ST NE OF PRINCESS_ST,HIGH STREET_RD W OF WARRIGAL_RD,99.97072020668686
HIGH STREET_RD W OF WARRIGAL_RD,HIGH_ST SW OF DENMARK_ST,76.41555382593947
HIGH_ST SW OF DENMARK_ST,HIGH STREET_RD W OF WARRIGAL_RD,76.41555382593947
HIGH STREET_RD W OF WARRIGAL_RD,HIGH_ST SW OF BURKE_RD,76.41555382593947
HIGH_ST SW OF BURKE_RD,HIGH STREET_RD W OF WARRIGAL_RD,76.41555382593947
HIGH STREET_RD W OF WARRIGAL_RD,HIGH_ST NE OF HARP_ST,99.97072020668686
HIGH_ST NE OF HARP_ST,HIGH STREET_RD W OF WARRIGAL_RD,99.97072020668686
HIGH STREET_RD W OF WARRIGAL_RD,HIGH_ST SW OF HARP_ST,76.41555382593947
HIGH_ST SW OF HARP_ST,HIGH STREET_RD W OF WARRIGAL_RD,76.41555382593947
HIGH STREET_RD W OF WARRIGAL_RD,HIGH_ST NE OF CHARLES_ST,99.97072020668686
HIGH_ST NE OF CHARLES_ST,HIGH STREET_RD W OF WARRIGAL_RD,99.97072020668686
WARRIGAL_RD N OF TOORAK_RD,POWER_ST S OF BARKERS_RD,30.17273284823139
POWER_ST S OF BARKERS_RD,WARRIGAL_RD N OF TOORAK_RD,30.17273284823139
WARRIGAL_RD N OF TOORAK_RD,CAMBERWELL_RD NW OF TRAFALGAR_RD,22.160671809029097
CAMBERWELL_RD NW OF TRAFALGAR_RD,WARRIGAL_RD N OF TOORAK_RD,22.160671809029097
WARRIGAL_RD N OF TOORAK_RD,CAMBERWELL_RD NW OF BURKE_RD,22.160671809029097
CAMBERWELL_RD NW OF BURKE_RD,WARRIGAL_RD N OF TOORAK_RD,22.160671809029097
WARRIGAL_RD N OF TOORAK_RD,BELMORE_RD W OF BALWYN_RD,61.14495868625641
BELMORE_RD W OF BALWYN_RD,WARRIGAL_RD N OF TOORAK_RD,61.14495868625641
WARRIGAL_RD N OF TOORAK_RD,POWER_ST N OF BURWOOD_RD,30.17273284823139
POWER_ST N OF BURWOOD_RD,WARRIGAL_RD N OF TOORAK_RD,30.17273284823139
WARRIGAL_RD N OF TOORAK_RD,POWER_ST S OF BURWOOD_RD,30.17273284823139
POWER_ST S OF BURWOOD_RD,WARRIGAL_RD N OF TOORAK_RD,30.17273284823139
WARRIGAL_RD N OF TOORAK_RD,BURWOOD_RD W OF POWER_ST,55.0940217634465
BURWOOD_RD W OF POWER_ST,WARRIGAL_RD N OF TOORAK_RD,55.0940217634465
WARRIGAL_RD N OF TOORAK_RD,BURWOOD_RD W OF GLENFERRIE_RD,55.0940217634465
BURWOOD_RD W OF GLENFERRIE_RD,WARRIGAL_RD N OF TOORAK_RD,55.0940217634465
WARRIGAL_RD N OF TOORAK_RD,BURWOOD_RD W OF AUBURN_RD,55.0940217634465
BURWOOD_RD W OF AUBURN_RD,WARRIGAL_RD N OF TOORAK_RD,55.0940217634465
WARRIGAL_RD N OF TOORAK_RD,TOORONGA_RD S OF RIVERSDALE_RD,49.73801548240277
TOORONGA_RD S OF RIVERSDALE_RD,WARRIGAL_RD N OF TOORAK_RD,49.73801548240277
WARRIGAL_RD N OF TOORAK_RD,TOORONGA_RD N OF TOORAK_RD,49.73801548240277
TOORONGA_RD N OF TOORAK_RD,WARRIGAL_RD N OF TOORAK_RD,49.73801548240277
WARRIGAL_RD N OF TOORAK_RD,WALMER_ST N OF VICTORIA_ST,67.61274413964954
WALMER_ST N OF VICTORIA_ST,WARRIGAL_RD N OF TOORAK_RD,67.61274413964954
BURWOOD_HWY E OF WARRIGAL_RD,TOORAK_RD W OF WARRIGAL_RD,15.570105534378182
TOORAK_RD W OF WARRIGAL_RD,BURWOOD_HWY E OF WARRIGAL_RD,15.570105534378182
BURWOOD_HWY E OF WARRIGAL_RD,MAROONDAH_HWY E OF UNION_RD,10.785300489041184
MAROONDAH_HWY E OF UNION_RD,BURWOOD_HWY E OF WARRIGAL_RD,10.785300489041184
BURWOOD_HWY E OF WARRIGAL_RD,MAROONDAH_HWY W OF UNION_RD,15.922167628043372
MAROONDAH_HWY W OF UNION_RD,BURWOOD_HWY E OF WARRIGAL_RD,15.922167628043372
BURWOOD_HWY E OF WARRIGAL_RD,BULLEEN_RD N OF THOMPSONS_RD,10.160049341474041
BULLEEN_RD N OF THOMPSONS_RD,BURWOOD_HWY E OF WARRIGAL_RD,10.160049341474041
BURWOOD_HWY E OF WARRIGAL_RD,BULLEEN_RD S OF EASTERN_FWY_W_BD_RAMPS,10.160049341474041
BULLEEN_RD S OF EASTERN_FWY_W_BD_RAMPS,BURWOOD_HWY E OF WARRIGAL_RD,10.160049341474041
BURWOOD_HWY E OF WARRIGAL_RD,BARKERS_RD E OF HIGH_ST,9.768270974618185
BARKERS_RD E OF HIGH_ST,BURWOOD_HWY E OF WARRIGAL_RD,9.768270974618185
BURWOOD_HWY E OF WARRIGAL_RD,BARKERS_RD E OF DENMARK_ST,9.768270974618185
BARKERS_RD E OF DENMARK_ST,BURWOOD_HWY E OF WARRIGAL_RD,9.768270974618185
BURWOOD_HWY E OF WARRIGAL_RD,BALWYN_RD N OF CANTERBURY_RD,8.818629218980048
BALWYN_RD N OF CANTERBURY_RD,BURWOOD_HWY E OF WARRIGAL_RD,8.818629218980048
BURWOOD_HWY E OF WARRIGAL_RD,BALWYN_RD S OF DONCASTER_RD,7.797283161008505
BALWYN_RD S OF DONCASTER_RD,BURWOOD_HWY E OF WARRIGAL_RD,7.797283161008505
BURWOOD_HWY E OF WARRIGAL_RD,BELMORE_RD E OF BURKE_RD,7.928599530946855
BELMORE_RD E OF BURKE_RD,BURWOOD_HWY E OF WARRIGAL_RD,7.928599530946855
BURWOOD_HWY E OF WARRIGAL_RD,MONT ALBERT_RD E OF BURKE_RD,51.333525726657065
MONT ALBERT_RD E OF BURKE_RD,BURWOOD_HWY E OF WARRIGAL_RD,51.333525726657065
BURWOOD_HWY E OF WARRIGAL_RD,TOORAK_RD E OF BURKE_RD,9.21969723990396
TOORAK_RD E OF BURKE_RD,BURWOOD_HWY E OF WARRIGAL_RD,9.21969723990396
BURWOOD_HWY E OF WARRIGAL_RD,TOORAK_RD W OF BURKE_RD,15.570105534378182
TOORAK_RD W OF BURKE_RD,BURWOOD_HWY E OF WARRIGAL_RD,15.570105534378182
BURWOOD_HWY E OF WARRIGAL_RD,BALWYN_RD N OF BELMORE_RD,8.818629218980048
BALWYN_RD N OF BELMORE_RD,BURWOOD_HWY E OF WARRIGAL_RD,8.818629218980048
BURWOOD_HWY E OF WARRIGAL_RD,BELMORE_RD E OF BALWYN_RD,7.928599530946855
BELMORE_RD E OF BALWYN_RD,BURWOOD_HWY E OF WARRIGAL_RD,7.928599530946855
BURWOOD_HWY E OF WARRIGAL_RD,BALWYN_RD S OF BELMORE_RD,7.797283161008505
BALWYN_RD S OF BELMORE_RD,BURWOOD_HWY E OF WARRIGAL_RD,7.797283161008505
BURWOOD_HWY E OF WARRIGAL_RD,BALWYN_RD N OF WHITEHORSE_RD,8.818629218980048
BALWYN_RD N OF WHITEHORSE_RD,BURWOOD_HWY E OF WARRIGAL_RD,8.818629218980048
BURWOOD_HWY E OF WARRIGAL_RD,BALWYN_RD S OF WHITEHORSE_RD,7.797283161008505
BALWYN_RD S OF WHITEHORSE_RD,BURWOOD_HWY E OF WARRIGAL_RD,7.797283161008505
BURWOOD_HWY E OF WARRIGAL_RD,GLENFERRIE_RD N OF BURWOOD_RD,11.353348437693018
GLENFERRIE_RD N OF BURWOOD_RD,BURWOOD_HWY E OF WARRIGAL_RD,11.353348437693018
BURWOOD_HWY E OF WARRIGAL_RD,GLENFERRIE_RD N OF RIVERSDALE_RD,11.353348437693018
GLENFERRIE_RD N OF RIVERSDALE_RD,BURWOOD_HWY E OF WARRIGAL_RD,11.353348437693018
BURWOOD_HWY E OF WARRIGAL_RD,TOORAK_RD E OF TOORONGA_RD,9.21969723990396
TOORAK_RD E OF TOORONGA_RD,BURWOOD_HWY E OF WARRIGAL_RD,9.21969723990396
BURWOOD_HWY E OF WARRIGAL_RD,HARP_RD E OF HIGH_ST,10.467058810896019
HARP_RD E OF HIGH_ST,BURWOOD_HWY E OF WARRIGAL_RD,10.467058810896019
BURWOOD_HWY E OF WARRIGAL_RD,VALERIE_ST W OF HIGH_ST,11.309683353363464
VALERIE_ST W OF HIGH_ST,BURWOOD_HWY E OF WARRIGAL_RD,11.309683353363464
BURWOOD_HWY E OF WARRIGAL_RD,COTHAM_RD E OF GLENFERRIE_RD,11.91025944215327
COTHAM_RD E OF GLENFERRIE_RD,BURWOOD_HWY E OF WARRIGAL_RD,11.91025944215327
WARRIGAL_RD S OF BURWOOD_HWY,POWER_ST S OF BARKERS_RD,30.17273284823139
POWER_ST S OF BARKERS_RD,WARRIGAL_RD S OF BURWOOD_HWY,30.17273284823139
WARRIGAL_RD S OF BURWOOD_HWY,CAMBERWELL_RD NW OF TRAFALGAR_RD,22.160671809029097
CAMBERWELL_RD NW OF TRAFALGAR_RD,WARRIGAL_RD S OF BURWOOD_HWY,22.160671809029097
WARRIGAL_RD S OF BURWOOD_HWY,CAMBERWELL_RD NW OF BURKE_RD,22.160671809029097
CAMBERWELL_RD NW OF BURKE_RD,WARRIGAL_RD S OF BURWOOD_HWY,22.160671809029097
WARRIGAL_RD S OF BURWOOD_HWY,BELMORE_RD W OF BALWYN_RD,61.14495868625641
BELMORE_RD W OF BALWYN_RD,WARRIGAL_RD S OF BURWOOD_HWY,61.14495868625641
WARRIGAL_RD S OF BURWOOD_HWY,POWER_ST N OF BURWOOD_RD,30.17273284823139
POWER_ST N OF BURWOOD_RD,WARRIGAL_RD S OF BURWOOD_HWY,30.17273284823139
WARRIGAL_RD S OF BURWOOD_HWY,POWER_ST S OF BURWOOD_RD,30.17273284823139
POWER_ST S OF BURWOOD_RD,WARRIGAL_RD S OF BURWOOD_HWY,30.17273284823139
WARRIGAL_RD S OF BURWOOD_HWY,BURWOOD_RD W OF POWER_ST,55.0940217634465
BURWOOD_RD W OF POWER_ST,WARRIGAL_RD S OF BURWOOD_HWY,55.0940217634465
WARRIGAL_RD S OF BURWOOD_HWY,BURWOOD_RD W OF GLENFERRIE_RD,55.0940217634465
BURWOOD_RD W OF GLENFERRIE_RD,WARRIGAL_RD S OF BURWOOD_HWY,55.0940217634465
WARRIGAL_RD S OF BURWOOD_HWY,BURWOOD_RD W OF AUBURN_RD,55.0940217634465
BURWOOD_RD W OF AUBURN_RD,WARRIGAL_RD S OF BURWOOD_HWY,55.0940217634465
WARRIGAL_RD S OF BURWOOD_HWY,TOORONGA_RD S OF RIVERSDALE_RD,49.73801548240277
TOORONGA_RD S OF RIVERSDALE_RD,WARRIGAL_RD S OF BURWOOD_HWY,49.73801548240277
WARRIGAL_RD S OF BURWOOD_HWY,TOORONGA_RD N OF TOORAK_RD,49.73801548240277
TOORONGA_RD N OF TOORAK_RD,WARRIGAL_RD S OF BURWOOD_HWY,49.73801548240277
WARRIGAL_RD S OF BURWOOD_HWY,WALMER_ST N OF VICTORIA_ST,67.61274413964954
WALMER_ST N OF VICTORIA_ST,WARRIGAL_RD S OF BURWOOD_HWY,67.61274413964954
TOORAK_RD W OF WARRIGAL_RD,MAROONDAH_HWY E OF UNION_RD,24.663711543869148
MAROONDAH_HWY E OF UNION_RD,TOORAK_RD W OF WARRIGAL_RD,24.663711543869148
TOORAK_RD W OF WARRIGAL_RD,MAROONDAH_HWY W OF UNION_RD,29.273120275620588
MAROONDAH_HWY W OF UNION_RD,TOORAK_RD W OF WARRIGAL_RD,29.273120275620588
TOORAK_RD W OF WARRIGAL_RD,BULLEEN_RD N OF THOMPSONS_RD,9.920395318053005
BULLEEN_RD N OF THOMPSONS_RD,TOORAK_RD W OF WARRIGAL_RD,9.920395318053005
TOORAK_RD W OF WARRIGAL_RD,BULLEEN_RD S OF EASTERN_FWY_W_BD_RAMPS,9.920395318053005
BULLEEN_RD S OF EASTERN_FWY_W_BD_RAMPS,TOORAK_RD W OF WARRIGAL_RD,9.920395318053005
TOORAK_RD W OF WARRIGAL_RD,BARKERS_RD E OF HIGH_ST,6.975695294125988
BARKERS_RD E OF HIGH_ST,TOORAK_RD W OF WARRIGAL_RD,6.975695294125988
TOORAK_RD W OF WARRIGAL_RD,BARKERS_RD E OF DENMARK_ST,6.975695294125988
BARKERS_RD E OF DENMARK_ST,TOORAK_RD W OF WARRIGAL_RD,6.975695294125988
TOORAK_RD W OF WARRIGAL_RD,BALWYN_RD N OF CANTERBURY_RD,10.19964967912785
BALWYN_RD N OF CANTERBURY_RD,TOORAK_RD W OF WARRIGAL_RD,10.19964967912785
TOORAK_RD W OF WARRIGAL_RD,BALWYN_RD S OF DONCASTER_RD,9.19810128650644
BALWYN_RD S OF DONCASTER_RD,TOORAK_RD W OF WARRIGAL_RD,9.19810128650644
TOORAK_RD W OF WARRIGAL_RD,BELMORE_RD E OF BURKE_RD,10.373553850840043
BELMORE_RD E OF BURKE_RD,TOORAK_RD W OF WARRIGAL_RD,10.373553850840043
TOORAK_RD W OF WARRIGAL_RD,MONT ALBERT_RD E OF BURKE_RD,65.68267890194498
MONT ALBERT_RD E OF BURKE_RD,TOORAK_RD W OF WARRIGAL_RD,65.68267890194498
TOORAK_RD W OF WARRIGAL_RD,TOORAK_RD E OF BURKE_RD,6.353833071961588
TOORAK_RD E OF BURKE_RD,TOORAK_RD W OF WARRIGAL_RD,6.353833071961588
TOORAK_RD W OF WARRIGAL_RD,BALWYN_RD N OF BELMORE_RD,10.19964967912785
BALWYN_RD N OF BELMORE_RD,TOORAK_RD W OF WARRIGAL_RD,10.19964967912785
TOORAK_RD W OF WARRIGAL_RD,BELMORE_RD E OF BALWYN_RD,10.373553850840043
BELMORE_RD E OF BALWYN_RD,TOORAK_RD W OF WARRIGAL_RD,10.373553850840043
TOORAK_RD W OF WARRIGAL_RD,BALWYN_RD S OF BELMORE_RD,9.19810128650644
BALWYN_RD S OF BELMORE_RD,TOORAK_RD W OF WARRIGAL_RD,9.19810128650644
TOORAK_RD W OF WARRIGAL_RD,BALWYN_RD N OF WHITEHORSE_RD,10.19964967912785
BALWYN_RD N OF WHITEHORSE_RD,TOORAK_RD W OF WARRIGAL_RD,10.19964967912785
TOORAK_RD W OF WARRIGAL_RD,BALWYN_RD S OF WHITEHORSE_RD,9.19810128650644
BALWYN_RD S OF WHITEHORSE_RD,TOORAK_RD W OF WARRIGAL_RD,9.19810128650644
TOORAK_RD W OF WARRIGAL_RD,GLENFERRIE_RD N OF BURWOOD_RD,5.287455292760482
GLENFERRIE_RD N OF BURWOOD_RD,TOORAK_RD W OF WARRIGAL_RD,5.287455292760482
TOORAK_RD W OF WARRIGAL_RD,GLENFERRIE_RD N OF RIVERSDALE_RD,5.287455292760482
GLENFERRIE_RD N OF RIVERSDALE_RD,TOORAK_RD W OF WARRIGAL_RD,5.287455292760482
TOORAK_RD W OF WARRIGAL_RD,TOORAK_RD E OF TOORONGA_RD,6.353833071961588
TOORAK_RD E OF TOORONGA_RD,TOORAK_RD W OF WARRIGAL_RD,6.353833071961588
TOORAK_RD W OF WARRIGAL_RD,HARP_RD E OF HIGH_ST,7.993533036310839
HARP_RD E OF HIGH_ST,TOORAK_RD W OF WARRIGAL_RD,7.993533036310839
TOORAK_RD W OF WARRIGAL_RD,VALERIE_ST W OF HIGH_ST,7.366858346799397
VALERIE_ST W OF HIGH_ST,TOORAK_RD W OF WARRIGAL_RD,7.366858346799397
TOORAK_RD W OF WARRIGAL_RD,COTHAM_RD E OF GLENFERRIE_RD,5.802301716470627
COTHAM_RD E OF GLENFERRIE_RD,TOORAK_RD W OF WARRIGAL_RD,5.802301716470627
UNION_RD N OF MAROONDAH_HWY,AUBURN_RD N OF BURWOOD_RD,40.30618836456277
AUBURN_RD N OF BURWOOD_RD,UNION_RD N OF MAROONDAH_HWY,40.30618836456277
UNION_RD N OF MAROONDAH_HWY,AUBURN_RD S OF BURWOOD_RD,43.77901572975973
AUBURN_RD S OF BURWOOD_RD,UNION_RD N OF MAROONDAH_HWY,43.77901572975973
MAROONDAH_HWY E OF UNION_RD,MAROONDAH_HWY W OF UNION_RD,5.145042317257492
MAROONDAH_HWY W OF UNION_RD,MAROONDAH_HWY E OF UNION_RD,5.145042317257492
MAROONDAH_HWY E OF UNION_RD,BULLEEN_RD N OF THOMPSONS_RD,15.9774557743832
BULLEEN_RD N OF THOMPSONS_RD,MAROONDAH_HWY E OF UNION_RD,15.9774557743832
MAROONDAH_HWY E OF UNION_RD,BULLEEN_RD S OF EASTERN_FWY_W_BD_RAMPS,15.9774557743832
BULLEEN_RD S OF EASTERN_FWY_W_BD_RAMPS,MAROONDAH_HWY E OF UNION_RD,15.9774557743832
MAROONDAH_HWY E OF UNION_RD,BARKERS_RD E OF HIGH_ST,17.800163079858837
BARKERS_RD E OF HIGH_ST,MAROONDAH_HWY E OF UNION_RD,17.800163079858837
MAROONDAH_HWY E OF UNION_RD,BARKERS_RD E OF DENMARK_ST,17.800163079858837
BARKERS_RD E OF DENMARK_ST,MAROONDAH_HWY E OF UNION_RD,17.800163079858837
MAROONDAH_HWY E OF UNION_RD,BALWYN_RD N OF CANTERBURY_RD,15.060780676318783
BALWYN_RD N OF CANTERBURY_RD,MAROONDAH_HWY E OF UNION_RD,15.060780676318783
MAROONDAH_HWY E OF UNION_RD,BALWYN_RD S OF DONCASTER_RD,15.513325519022876
BALWYN_RD S OF DONCASTER_RD,MAROONDAH_HWY E OF UNION_RD,15.513325519022876
MAROONDAH_HWY E OF UNION_RD,BELMORE_RD E OF BURKE_RD,14.572275264292777
BELMORE_RD E OF BURKE_RD,MAROONDAH_HWY E OF UNION_RD,14.572275264292777
MAROONDAH_HWY E OF UNION_RD,MONT ALBERT_RD E OF BURKE_RD,48.342416458176565
MONT ALBERT_RD E OF BURKE_RD,MAROONDAH_HWY E OF UNION_RD,48.342416458176565
MAROONDAH_HWY E OF UNION_RD,TOORAK_RD E OF BURKE_RD,18.74533931288557
TOORAK_RD E OF BURKE_RD,MAROONDAH_HWY E OF UNION_RD,18.74533931288557
MAROONDAH_HWY E OF UNION_RD,TOORAK_RD W OF BURKE_RD,24.663711543869148
TOORAK_RD W OF BURKE_RD,MAROONDAH_HWY E OF UNION_RD,24.663711543869148
MAROONDAH_HWY E OF UNION_RD,BALWYN_RD N OF BELMORE_RD,15.060780676318783
BALWYN_RD N OF BELMORE_RD,MAROONDAH_HWY E OF UNION_RD,15.060780676318783
MAROONDAH_HWY E OF UNION_RD,BELMORE_RD E OF BALWYN_RD,14.572275264292777
BELMORE_RD E OF BALWYN_RD,MAROONDAH_HWY E OF UNION_RD,14.572275264292777
MAROONDAH_HWY E OF UNION_RD,BALWYN_RD S OF BELMORE_RD,15.513325519022876
BALWYN_RD S OF BELMORE_RD,MAROONDAH_HWY E OF UNION_RD,15.513325519022876
MAROONDAH_HWY E OF UNION_RD,BALWYN_RD N OF WHITEHORSE_RD,15.060780676318783
BALWYN_RD N OF WHITEHORSE_RD,MAROONDAH_HWY E OF UNION_RD,15.060780676318783
MAROONDAH_HWY E OF UNION_RD,BALWYN_RD S OF WHITEHORSE_RD,15.513325519022876
BALWYN_RD S OF WHITEHORSE_RD,MAROONDAH_HWY E OF UNION_RD,15.513325519022876
MAROONDAH_HWY E OF UNION_RD,GLENFERRIE_RD N OF BURWOOD_RD,21.47066149781298
GLENFERRIE_RD N OF BURWOOD_RD,MAROONDAH_HWY E OF UNION_RD,21.47066149781298
MAROONDAH_HWY E OF UNION_RD,GLENFERRIE_RD N OF RIVERSDALE_RD,21.47066149781298
GLENFERRIE_RD N OF RIVERSDALE_RD,MAROONDAH_HWY E OF UNION_RD,21.47066149781298
MAROONDAH_HWY E OF UNION_RD,TOORAK_RD E OF TOORONGA_RD,18.74533931288557
TOORAK_RD E OF TOORONGA_RD,MAROONDAH_HWY E OF UNION_RD,18.74533931288557
MAROONDAH_HWY E OF UNION_RD,HARP_RD E OF HIGH_ST,17.42057712645336
HARP_RD E OF HIGH_ST,MAROONDAH_HWY E OF UNION_RD,17.42057712645336
MAROONDAH_HWY E OF UNION_RD,VALERIE_ST W OF HIGH_ST,18.299753895767264
VALERIE_ST W OF HIGH_ST,MAROONDAH_HWY E OF UNION_RD,18.299753895767264
MAROONDAH_HWY E OF UNION_RD,COTHAM_RD E OF GLENFERRIE_RD,19.559283484601853
COTHAM_RD E OF GLENFERRIE_RD,MAROONDAH_HWY E OF UNION_RD,19.559283484601853
MAROONDAH_HWY W OF UNION_RD,BULLEEN_RD N OF THOMPSONS_RD,20.060271160977727
BULLEEN_RD N OF THOMPSONS_RD,MAROONDAH_HWY W OF UNION_RD,20.060271160977727
MAROONDAH_HWY W OF UNION_RD,BULLEEN_RD S OF EASTERN_FWY_W_BD_RAMPS,20.060271160977727
BULLEEN_RD S OF EASTERN_FWY_W_BD_RAMPS,MAROONDAH_HWY W OF UNION_RD,20.060271160977727
MAROONDAH_HWY W OF UNION_RD,BARKERS_RD E OF HIGH_ST,22.31805265339624
BARKERS_RD E OF HIGH_ST,MAROONDAH_HWY W OF UNION_RD,22.31805265339624
MAROONDAH_HWY W OF UNION_RD,BARKERS_RD E OF DENMARK_ST,22.31805265339624
BARKERS_RD E OF DENMARK_ST,MAROONDAH_HWY W OF UNION_RD,22.31805265339624
MAROONDAH_HWY W OF UNION_RD,BALWYN_RD N OF CANTERBURY_RD,19.325623856308557
BALWYN_RD N OF CANTERBURY_RD,MAROONDAH_HWY W OF UNION_RD,19.325623856308557
MAROONDAH_HWY W OF UNION_RD,BALWYN_RD S OF DONCASTER_RD,20.075146034538875
BALWYN_RD S OF DONCASTER_RD,MAROONDAH_HWY W OF UNION_RD,20.075146034538875
MAROONDAH_HWY W OF UNION_RD,BELMORE_RD E OF BURKE_RD,18.969677600013473
BELMORE_RD E OF BURKE_RD,MAROONDAH_HWY W OF UNION_RD,18.969677600013473
MAROONDAH_HWY W OF UNION_RD,MONT ALBERT_RD E OF BURKE_RD,48.06726906417132
MONT ALBERT_RD E OF BURKE_RD,MAROONDAH_HWY W OF UNION_RD,48.06726906417132
MAROONDAH_HWY W OF UNION_RD,TOORAK_RD E OF BURKE_RD,23.574055936295046
TOORAK_RD E OF BURKE_RD,MAROONDAH_HWY W OF UNION_RD,23.574055936295046
MAROONDAH_HWY W OF UNION_RD,TOORAK_RD W OF BURKE_RD,29.273120275620588
TOORAK_RD W OF BURKE_RD,MAROONDAH_HWY W OF UNION_RD,29.273120275620588
MAROONDAH_HWY W OF UNION_RD,BALWYN_RD N OF BELMORE_RD,19.325623856308557
BALWYN_RD N OF BELMORE_RD,MAROONDAH_HWY W OF UNION_RD,19.325623856308557
MAROONDAH_HWY W OF UNION_RD,BELMORE_RD E OF BALWYN_RD,18.969677600013473
BELMORE_RD E OF BALWYN_RD,MAROONDAH_HWY W OF UNION_RD,18.969677600013473
MAROONDAH_HWY W OF UNION_RD,BALWYN_RD S OF BELMORE_RD,20.075146034538875
BALWYN_RD S OF BELMORE_RD,MAROONDAH_HWY W OF UNION_RD,20.075146034538875
MAROONDAH_HWY W OF UNION_RD,BALWYN_RD N OF WHITEHORSE_RD,19.325623856308557
BALWYN_RD N OF WHITEHORSE_RD,MAROONDAH_HWY W OF UNION_RD,19.325623856308557
MAROONDAH_HWY W OF UNION_RD,BALWYN_RD S OF WHITEHORSE_RD,20.075146034538875
BALWYN_RD S OF WHITEHORSE_RD,MAROONDAH_HWY W OF UNION_RD,20.075146034538875
MAROONDAH_HWY W OF UNION_RD,GLENFERRIE_RD N OF BURWOOD_RD,26.40241601689709
GLENFERRIE_RD N OF BURWOOD_RD,MAROONDAH_HWY W OF UNION_RD,26.40241601689709
MAROONDAH_HWY W OF UNION_RD,GLENFERRIE_RD N OF RIVERSDALE_RD,26.40241601689709
GLENFERRIE_RD N OF RIVERSDALE_RD,MAROONDAH_HWY W OF UNION_RD,26.40241601689709
MAROONDAH_HWY W OF UNION_RD,TOORAK_RD E OF TOORONGA_RD,23.574055936295046
TOORAK_RD E OF TOORONGA_RD,MAROONDAH_HWY W OF UNION_RD,23.574055936295046
MAROONDAH_HWY W OF UNION_RD,HARP_RD E OF HIGH_ST,21.695007660885278
HARP_RD E OF HIGH_ST,MAROONDAH_HWY W OF UNION_RD,21.695007660885278
MAROONDAH_HWY W OF UNION_RD,VALERIE_ST W OF HIGH_ST,22.53483177435924
VALERIE_ST W OF HIGH_ST,MAROONDAH_HWY W OF UNION_RD,22.53483177435924
MAROONDAH_HWY W OF UNION_RD,COTHAM_RD E OF GLENFERRIE_RD,23.90849158861408
COTHAM_RD E OF GLENFERRIE_RD,MAROONDAH_HWY W OF UNION_RD,23.90849158861408
EARL_ST SE OF PRINCESS_ST,HIGH_ST NE OF BARKERS_RD,80.9895545809768
HIGH_ST NE OF BARKERS_RD,EARL_ST SE OF PRINCESS_ST,80.9895545809768
EARL_ST SE OF PRINCESS_ST,HIGH_ST NE OF PRINCESS_ST,80.9895545809768
HIGH_ST NE OF PRINCESS_ST,EARL_ST SE OF PRINCESS_ST,80.9895545809768
EARL_ST SE OF PRINCESS_ST,HIGH_ST SW OF DENMARK_ST,64.17368502623485
HIGH_ST SW OF DENMARK_ST,EARL_ST SE OF PRINCESS_ST,64.17368502623485
EARL_ST SE OF PRINCESS_ST,HIGH_ST SW OF BURKE_RD,64.17368502623485
HIGH_ST SW OF BURKE_RD,EARL_ST SE OF PRINCESS_ST,64.17368502623485
EARL_ST SE OF PRINCESS_ST,HIGH_ST NE OF HARP_ST,80.9895545809768
HIGH_ST NE OF HARP_ST,EARL_ST SE OF PRINCESS_ST,80.9895545809768
EARL_ST SE OF PRINCESS_ST,HIGH_ST SW OF HARP_ST,64.17368502623485
HIGH_ST SW OF HARP_ST,EARL_ST SE OF PRINCESS_ST,64.17368502623485
EARL_ST SE OF PRINCESS_ST,HIGH_ST NE OF CHARLES_ST,80.9895545809768
HIGH_ST NE OF CHARLES_ST,EARL_ST SE OF PRINCESS_ST,80.9895545809768
BULLEEN_RD N OF THOMPSONS_RD,BARKERS_RD E OF HIGH_ST,3.5735893794548366
BARKERS_RD E OF HIGH_ST,BULLEEN_RD N OF THOMPSONS_RD,3.5735893794548366
BULLEEN_RD N OF THOMPSONS_RD,BARKERS_RD E OF DENMARK_ST,3.5735893794548366
BARKERS_RD E OF DENMARK_ST,BULLEEN_RD N OF THOMPSONS_RD,3.5735893794548366
BULLEEN_RD N OF THOMPSONS_RD,BALWYN_RD N OF CANTERBURY_RD,1.3442387589140803
BALWYN_RD N OF CANTERBURY_RD,BULLEEN_RD N OF THOMPSONS_RD,1.3442387589140803
BULLEEN_RD N OF THOMPSONS_RD,BALWYN_RD S OF DONCASTER_RD,3.086899707866225
BALWYN_RD S OF DONCASTER_RD,BULLEEN_RD N OF THOMPSONS_RD,3.086899707866225
BULLEEN_RD N OF THOMPSONS_RD,BELMORE_RD E OF BURKE_RD,2.249171917974021
BELMORE_RD E OF BURKE_RD,BULLEEN_RD N OF THOMPSONS_RD,2.249171917974021
BULLEEN_RD N OF THOMPSONS_RD,MONT ALBERT_RD E OF BURKE_RD,61.28903257216302
MONT ALBERT_RD E OF BURKE_RD,BULLEEN_RD N OF THOMPSONS_RD,61.28903257216302
BULLEEN_RD N OF THOMPSONS_RD,TOORAK_RD E OF BURKE_RD,6.624606578333899
TOORAK_RD E OF BURKE_RD,BULLEEN_RD N OF THOMPSONS_RD,6.624606578333899
BULLEEN_RD N OF THOMPSONS_RD,TOORAK_RD W OF BURKE_RD,9.920395318053005
TOORAK_RD W OF BURKE_RD,BULLEEN_RD N OF THOMPSONS_RD,9.920395318053005
BULLEEN_RD N OF THOMPSONS_RD,BALWYN_RD N OF BELMORE_RD,1.3442387589140803
BALWYN_RD N OF BELMORE_RD,BULLEEN_RD N OF THOMPSONS_RD,1.3442387589140803
BULLEEN_RD N OF THOMPSONS_RD,BELMORE_RD E OF BALWYN_RD,2.249171917974021
BELMORE_RD E OF BALWYN_RD,BULLEEN_RD N OF THOMPSONS_RD,2.249171917974021
BULLEEN_RD N OF THOMPSONS_RD,BALWYN_RD S OF BELMORE_RD,3.086899707866225
BALWYN_RD S OF BELMORE_RD,BULLEEN_RD N OF THOMPSONS_RD,3.086899707866225
BULLEEN_RD N OF THOMPSONS_RD,BALWYN_RD N OF WHITEHORSE_RD,1.3442387589140803
BALWYN_RD N OF WHITEHORSE_RD,BULLEEN_RD N OF THOMPSONS_RD,1.3442387589140803
BULLEEN_RD N OF THOMPSONS_RD,BALWYN_RD S OF WHITEHORSE_RD,3.086899707866225
BALWYN_RD S OF WHITEHORSE_RD,BULLEEN_RD N OF THOMPSONS_RD,3.086899707866225
BULLEEN_RD N OF THOMPSONS_RD,GLENFERRIE_RD N OF BURWOOD_RD,9.556184846260816
GLENFERRIE_RD N OF BURWOOD_RD,BULLEEN_RD N OF THOMPSONS_RD,9.556184846260816
BULLEEN_RD N OF THOMPSONS_RD,GLENFERRIE_RD N OF RIVERSDALE_RD,9.556184846260816
GLENFERRIE_RD N OF RIVERSDALE_RD,BULLEEN_RD N OF THOMPSONS_RD,9.556184846260816
BULLEEN_RD N OF THOMPSONS_RD,TOORAK_RD E OF TOORONGA_RD,6.624606578333899
TOORAK_RD E OF TOORONGA_RD,BULLEEN_RD N OF THOMPSONS_RD,6.624606578333899
BULLEEN_RD N OF THOMPSONS_RD,HARP_RD E OF HIGH_ST,1.9505534291148476
HARP_RD E OF HIGH_ST,BULLEEN_RD N OF THOMPSONS_RD,1.9505534291148476
BULLEEN_RD N OF THOMPSONS_RD,VALERIE_ST W OF HIGH_ST,2.590114950849287
VALERIE_ST W OF HIGH_ST,BULLEEN_RD N OF THOMPSONS_RD,2.590114950849287
BULLEEN_RD N OF THOMPSONS_RD,COTHAM_RD E OF GLENFERRIE_RD,4.129300813877395
COTHAM_RD E OF GLENFERRIE_RD,BULLEEN_RD N OF THOMPSONS_RD,4.129300813877395
BULLEEN_RD S OF EASTERN_FWY_W_BD_RAMPS,BARKERS_RD E OF HIGH_ST,3.5735893794548366
BARKERS_RD E OF HIGH_ST,BULLEEN_RD S OF EASTERN_FWY_W_BD_RAMPS,3.5735893794548366
BULLEEN_RD S OF EASTERN_FWY_W_BD_RAMPS,BARKERS_RD E OF DENMARK_ST,3.5735893794548366
BARKERS_RD E OF DENMARK_ST,BULLEEN_RD S OF EASTERN_FWY_W_BD_RAMPS,3.5735893794548366
BULLEEN_RD S OF EASTERN_FWY_W_BD_RAMPS,BALWYN_RD N OF CANTERBURY_RD,1.3442387589140803
BALWYN_RD N OF CANTERBURY_RD,BULLEEN_RD S OF EASTERN_FWY_W_BD_RAMPS,1.3442387589140803
BULLEEN_RD S OF EASTERN_FWY_W_BD_RAMPS,BALWYN_RD S OF DONCASTER_RD,3.086899707866225
BALWYN_RD S OF DONCASTER_RD,BULLEEN_RD S OF EASTERN_FWY_W_BD_RAMPS,3.086899707866225
BULLEEN_RD S OF EASTERN_FWY_W_BD_RAMPS,BELMORE_RD E OF BURKE_RD,2.249171917974021
BELMORE_RD E OF BURKE_RD,BULLEEN_RD S OF EASTERN_FWY_W_BD_RAMPS,2.249171917974021
BULLEEN_RD S OF EASTERN_FWY_W_BD_RAMPS,MONT ALBERT_RD E OF BURKE_RD,61.28903257216302
MONT ALBERT_RD E OF BURKE_RD,BULLEEN_RD S OF EASTERN_FWY_W_BD_RAMPS,61.28903257216302
BULLEEN_RD S OF EASTERN_FWY_W_BD_RAMPS,TOORAK_RD E OF BURKE_RD,6.624606578333899
TOORAK_RD E OF BURKE_RD,BULLEEN_RD S OF EASTERN_FWY_W_BD_RAMPS,6.624606578333899
BULLEEN_RD S OF EASTERN_FWY_W_BD_RAMPS,TOORAK_RD W OF BURKE_RD,9.920395318053005
TOORAK_RD W OF BURKE_RD,BULLEEN_RD S OF EASTERN_FWY_W_BD_RAMPS,9.920395318053005
BULLEEN_RD S OF EASTERN_FWY_W_BD_RAMPS,BALWYN_RD N OF BELMORE_RD,1.3442387589140803
BALWYN_RD N OF BELMORE_RD,BULLEEN_RD S OF EASTERN_FWY_W_BD_RAMPS,1.3442387589140803
BULLEEN_RD S OF EASTERN_FWY_W_BD_RAMPS,BELMORE_RD E OF BALWYN_RD,2.249171917974021
BELMORE_RD E OF BALWYN_RD,BULLEEN_RD S OF EASTERN_FWY_W_BD_RAMPS,2.249171917974021
BULLEEN_RD S OF EASTERN_FWY_W_BD_RAMPS,BALWYN_RD S OF BELMORE_RD,3.086899707866225
BALWYN_RD S OF BELMORE_RD,BULLEEN_RD S OF EASTERN_FWY_W_BD_RAMPS,3.086899707866225
BULLEEN_RD S OF EASTERN_FWY_W_BD_RAMPS,BALWYN_RD N OF WHITEHORSE_RD,1.3442387589140803
BALWYN_RD N OF WHITEHORSE_RD,BULLEEN_RD S OF EASTERN_FWY_W_BD_RAMPS,1.3442387589140803
BULLEEN_RD S OF EASTERN_FWY_W_BD_RAMPS,BALWYN_RD S OF WHITEHORSE_RD,3.086899707866225
BALWYN_RD S OF WHITEHORSE_RD,BULLEEN_RD S OF EASTERN_FWY_W_BD_RAMPS,3.086899707866225
BULLEEN_RD S OF EASTERN_FWY_W_BD_RAMPS,GLENFERRIE_RD N OF BURWOOD_RD,9.556184846260816
GLENFERRIE_RD N OF BURWOOD_RD,BULLEEN_RD S OF EASTERN_FWY_W_BD_RAMPS,9.556184846260816
BULLEEN_RD S OF EASTERN_FWY_W_BD_RAMPS,GLENFERRIE_RD N OF RIVERSDALE_RD,9.556184846260816
GLENFERRIE_RD N OF RIVERSDALE_RD,BULLEEN_RD S OF EASTERN_FWY_W_BD_RAMPS,9.556184846260816
BULLEEN_RD S OF EASTERN_FWY_W_BD_RAMPS,TOORAK_RD E OF TOORONGA_RD,6.624606578333899
TOORAK_RD E OF TOORONGA_RD,BULLEEN_RD S OF EASTERN_FWY_W_BD_RAMPS,6.624606578333899
BULLEEN_RD S OF EASTERN_FWY_W_BD_RAMPS,HARP_RD E OF HIGH_ST,1.9505534291148476
HARP_RD E OF HIGH_ST,BULLEEN_RD S OF EASTERN_FWY_W_BD_RAMPS,1.9505534291148476
BULLEEN_RD S OF EASTERN_FWY_W_BD_RAMPS,VALERIE_ST W OF HIGH_ST,2.590114950849287
VALERIE_ST W OF HIGH_ST,BULLEEN_RD S OF EASTERN_FWY_W_BD_RAMPS,2.590114950849287
BULLEEN_RD S OF EASTERN_FWY_W_BD_RAMPS,COTHAM_RD E OF GLENFERRIE_RD,4.129300813877395
COTHAM_RD E OF GLENFERRIE_RD,BULLEEN_RD S OF EASTERN_FWY_W_BD_RAMPS,4.129300813877395
HIGH_ST E OF S.E.ARTERIAL,DENMARK_ST N OF BARKERS_RD,15.245718174709653
DENMARK_ST N OF BARKERS_RD,HIGH_ST E OF S.E.ARTERIAL,15.245718174709653
HIGH_ST E OF S.E.ARTERIAL,BURWOOD_RD E OF POWER_ST,12.877084327157517
BURWOOD_RD E OF POWER_ST,HIGH_ST E OF S.E.ARTERIAL,12.877084327157517
HIGH_ST E OF S.E.ARTERIAL,BURWOOD_RD E OF GLENFERRIE_RD,12.877084327157517
BURWOOD_RD E OF GLENFERRIE_RD,HIGH_ST E OF S.E.ARTERIAL,12.877084327157517
HIGH_ST E OF S.E.ARTERIAL,BURWOOD_RD E OF AUBURN_RD,12.877084327157517
BURWOOD_RD E OF AUBURN_RD,HIGH_ST E OF S.E.ARTERIAL,12.877084327157517
HIGH_ST W OF WILLS_ST,DONCASTER_RD E OF BALWYN_RD,49.89555255276381
DONCASTER_RD E OF BALWYN_RD,HIGH_ST W OF WILLS_ST,49.89555255276381
HIGH_ST W OF WILLS_ST,DONCASTER_RD W OF BALWYN_RD,43.10725289232561
DONCASTER_RD W OF BALWYN_RD,HIGH_ST W OF WILLS_ST,43.10725289232561
HIGH_ST W OF WILLS_ST,HIGHBURY_RD E OF WARRIGAL_RD,79.02757939919253
HIGHBURY_RD E OF WARRIGAL_RD,HIGH_ST W OF WILLS_ST,79.02757939919253
HIGH_ST W OF WILLS_ST,HARP_RD W OF BURKE_RD,24.097924964911982
HARP_RD W OF BURKE_RD,HIGH_ST W OF WILLS_ST,24.097924964911982
HIGH_ST W OF WILLS_ST,DONCASTER_RD E OF BULLEEN_RD,49.89555255276381
DONCASTER_RD E OF BULLEEN_RD,HIGH_ST W OF WILLS_ST,49.89555255276381
HIGH_ST W OF WILLS_ST,WHITEHORSE_RD W OF BALWYN_RD,87.04218162116966
WHITEHORSE_RD W OF BALWYN_RD,HIGH_ST W OF WILLS_ST,87.04218162116966
HIGH_ST NE OF BARKERS_RD,HIGH_ST SW OF DENMARK_ST,28.449614340259
HIGH_ST SW OF DENMARK_ST,HIGH_ST NE OF BARKERS_RD,28.449614340259
HIGH_ST NE OF BARKERS_RD,HIGH_ST SW OF BURKE_RD,28.449614340259
HIGH_ST SW OF BURKE_RD,HIGH_ST NE OF BARKERS_RD,28.449614340259
HIGH_ST NE OF BARKERS_RD,HIGH_ST SW OF HARP_ST,28.449614340259
HIGH_ST SW OF HARP_ST,HIGH_ST NE OF BARKERS_RD,28.449614340259
BARKERS_RD E OF HIGH_ST,BALWYN_RD N OF CANTERBURY_RD,3.3621849770783583
BALWYN_RD N OF CANTERBURY_RD,BARKERS_RD E OF HIGH_ST,3.3621849770783583
BARKERS_RD E OF HIGH_ST,BALWYN_RD S OF DONCASTER_RD,2.2949847491768756
BALWYN_RD S OF DONCASTER_RD,BARKERS_RD E OF HIGH_ST,2.2949847491768756
BARKERS_RD E OF HIGH_ST,BELMORE_RD E OF BURKE_RD,3.4052679968902675
BELMORE_RD E OF BURKE_RD,BARKERS_RD E OF HIGH_ST,3.4052679968902675
BARKERS_RD E OF HIGH_ST,MONT ALBERT_RD E OF BURKE_RD,61.023061307082465
MONT ALBERT_RD E OF BURKE_RD,BARKERS_RD E OF HIGH_ST,61.023061307082465
BARKERS_RD E OF HIGH_ST,TOORAK_RD E OF BURKE_RD,3.1907581178593785
TOORAK_RD E OF BURKE_RD,BARKERS_RD E OF HIGH_ST,3.1907581178593785
BARKERS_RD E OF HIGH_ST,TOORAK_RD W OF BURKE_RD,6.975695294125988
TOORAK_RD W OF BURKE_RD,BARKERS_RD E OF HIGH_ST,6.975695294125988
BARKERS_RD E OF HIGH_ST,BALWYN_RD N OF BELMORE_RD,3.3621849770783583
BALWYN_RD N OF BELMORE_RD,BARKERS_RD E OF HIGH_ST,3.3621849770783583
BARKERS_RD E OF HIGH_ST,BELMORE_RD E OF BALWYN_RD,3.4052679968902675
BELMORE_RD E OF BALWYN_RD,BARKERS_RD E OF HIGH_ST,3.4052679968902675
BARKERS_RD E OF HIGH_ST,BALWYN_RD S OF BELMORE_RD,2.2949847491768756
BALWYN_RD S OF BELMORE_RD,BARKERS_RD E OF HIGH_ST,2.2949847491768756
BARKERS_RD E OF HIGH_ST,BALWYN_RD N OF WHITEHORSE_RD,3.3621849770783583
BALWYN_RD N OF WHITEHORSE_RD,BARKERS_RD E OF HIGH_ST,3.3621849770783583
BARKERS_RD E OF HIGH_ST,BALWYN_RD S OF WHITEHORSE_RD,2.2949847491768756
BALWYN_RD S OF WHITEHORSE_RD,BARKERS_RD E OF HIGH_ST,2.2949847491768756
BARKERS_RD E OF HIGH_ST,GLENFERRIE_RD N OF BURWOOD_RD,5.992039340557629
GLENFERRIE_RD N OF BURWOOD_RD,BARKERS_RD E OF HIGH_ST,5.992039340557629
BARKERS_RD E OF HIGH_ST,GLENFERRIE_RD N OF RIVERSDALE_RD,5.992039340557629
GLENFERRIE_RD N OF RIVERSDALE_RD,BARKERS_RD E OF HIGH_ST,5.992039340557629
BARKERS_RD E OF HIGH_ST,TOORAK_RD E OF TOORONGA_RD,3.1907581178593785
TOORAK_RD E OF TOORONGA_RD,BARKERS_RD E OF HIGH_ST,3.1907581178593785
BARKERS_RD E OF HIGH_ST,HARP_RD E OF HIGH_ST,1.8667974350746568
HARP_RD E OF HIGH_ST,BARKERS_RD E OF HIGH_ST,1.8667974350746568
BARKERS_RD E OF HIGH_ST,VALERIE_ST W OF HIGH_ST,2.141233586764495
VALERIE_ST W OF HIGH_ST,BARKERS_RD E OF HIGH_ST,2.141233586764495
BARKERS_RD E OF HIGH_ST,COTHAM_RD E OF GLENFERRIE_RD,2.1496552854434867
COTHAM_RD E OF GLENFERRIE_RD,BARKERS_RD E OF HIGH_ST,2.1496552854434867
DENMARK_ST N OF BARKERS_RD,BURWOOD_RD E OF POWER_ST,2.4098815823672757
BURWOOD_RD E OF POWER_ST,DENMARK_ST N OF BARKERS_RD,2.4098815823672757
DENMARK_ST N OF BARKERS_RD,BURWOOD_RD E OF GLENFERRIE_RD,2.4098815823672757
BURWOOD_RD E OF GLENFERRIE_RD,DENMARK_ST N OF BARKERS_RD,2.4098815823672757
DENMARK_ST N OF BARKERS_RD,BURWOOD_RD E OF AUBURN_RD,2.4098815823672757
BURWOOD_RD E OF AUBURN_RD,DENMARK_ST N OF BARKERS_RD,2.4098815823672757
BARKERS_RD E OF DENMARK_ST,BALWYN_RD N OF CANTERBURY_RD,3.3621849770783583
BALWYN_RD N OF CANTERBURY_RD,BARKERS_RD E OF DENMARK_ST,3.3621849770783583
BARKERS_RD E OF DENMARK_ST,BALWYN_RD S OF DONCASTER_RD,2.2949847491768756
BALWYN_RD S OF DONCASTER_RD,BARKERS_RD E OF DENMARK_ST,2.2949847491768756
BARKERS_RD E OF DENMARK_ST,BELMORE_RD E OF BURKE_RD,3.4052679968902675
BELMORE_RD E OF BURKE_RD,BARKERS_RD E OF DENMARK_ST,3.4052679968902675
BARKERS_RD E OF DENMARK_ST,MONT ALBERT_RD E OF BURKE_RD,61.023061307082465
MONT ALBERT_RD E OF BURKE_RD,BARKERS_RD E OF DENMARK_ST,61.023061307082465
BARKERS_RD E OF DENMARK_ST,TOORAK_RD E OF BURKE_RD,3.1907581178593785
TOORAK_RD E OF BURKE_RD,BARKERS_RD E OF DENMARK_ST,3.1907581178593785
BARKERS_RD E OF DENMARK_ST,TOORAK_RD W OF BURKE_RD,6.975695294125988
TOORAK_RD W OF BURKE_RD,BARKERS_RD E OF DENMARK_ST,6.975695294125988
BARKERS_RD E OF DENMARK_ST,BALWYN_RD N OF BELMORE_RD,3.3621849770783583
BALWYN_RD N OF BELMORE_RD,BARKERS_RD E OF DENMARK_ST,3.3621849770783583
BARKERS_RD E OF DENMARK_ST,BELMORE_RD E OF BALWYN_RD,3.4052679968902675
BELMORE_RD E OF BALWYN_RD,BARKERS_RD E OF DENMARK_ST,3.4052679968902675
BARKERS_RD E OF DENMARK_ST,BALWYN_RD S OF BELMORE_RD,2.2949847491768756
BALWYN_RD S OF BELMORE_RD,BARKERS_RD E OF DENMARK_ST,2.2949847491768756
BARKERS_RD E OF DENMARK_ST,BALWYN_RD N OF WHITEHORSE_RD,3.3621849770783583
BALWYN_RD N OF WHITEHORSE_RD,BARKERS_RD E OF DENMARK_ST,3.3621849770783583
BARKERS_RD E OF DENMARK_ST,BALWYN_RD S OF WHITEHORSE_RD,2.2949847491768756
BALWYN_RD S OF WHITEHORSE_RD,BARKERS_RD E OF DENMARK_ST,2.2949847491768756
BARKERS_RD E OF DENMARK_ST,GLENFERRIE_RD N OF BURWOOD_RD,5.992039340557629
GLENFERRIE_RD N OF BURWOOD_RD,BARKERS_RD E OF DENMARK_ST,5.992039340557629
BARKERS_RD E OF DENMARK_ST,GLENFERRIE_RD N OF RIVERSDALE_RD,5.992039340557629
GLENFERRIE_RD N OF RIVERSDALE_RD,BARKERS_RD E OF DENMARK_ST,5.992039340557629
BARKERS_RD E OF DENMARK_ST,TOORAK_RD E OF TOORONGA_RD,3.1907581178593785
TOORAK_RD E OF TOORONGA_RD,BARKERS_RD E OF DENMARK_ST,3.1907581178593785
BARKERS_RD E OF DENMARK_ST,HARP_RD E OF HIGH_ST,1.8667974350746568
HARP_RD E OF HIGH_ST,BARKERS_RD E OF DENMARK_ST,1.8667974350746568
BARKERS_RD E OF DENMARK_ST,VALERIE_ST W OF HIGH_ST,2.141233586764495
VALERIE_ST W OF HIGH_ST,BARKERS_RD E OF DENMARK_ST,2.141233586764495
BARKERS_RD E OF DENMARK_ST,COTHAM_RD E OF GLENFERRIE_RD,2.1496552854434867
COTHAM_RD E OF GLENFERRIE_RD,BARKERS_RD E OF DENMARK_ST,2.1496552854434867
POWER_ST S OF BARKERS_RD,WARRIGAL_RD S OF CANTERBURY_RD,30.17273284823139
WARRIGAL_RD S OF CANTERBURY_RD,POWER_ST S OF BARKERS_RD,30.17273284823139
POWER_ST S OF BARKERS_RD,WARRIGAL_RD N OF RIVERSDALE_RD,30.17273284823139
WARRIGAL_RD N OF RIVERSDALE_RD,POWER_ST S OF BARKERS_RD,30.17273284823139
POWER_ST S OF BARKERS_RD,WARRIGAL_RD S OF RIVERSDALE_RD,30.17273284823139
WARRIGAL_RD S OF RIVERSDALE_RD,POWER_ST S OF BARKERS_RD,30.17273284823139
POWER_ST S OF BARKERS_RD,WARRIGAL_RD N OF HIGHBURY_RD,30.17273284823139
WARRIGAL_RD N OF HIGHBURY_RD,POWER_ST S OF BARKERS_RD,30.17273284823139
POWER_ST S OF BARKERS_RD,WARRIGAL_RD S OF HIGHBURY_RD,30.17273284823139
WARRIGAL_RD S OF HIGHBURY_RD,POWER_ST S OF BARKERS_RD,30.17273284823139
POWER_ST S OF BARKERS_RD,CAMBERWELL_RD NW OF TRAFALGAR_RD,13.349991447508478
CAMBERWELL_RD NW OF TRAFALGAR_RD,POWER_ST S OF BARKERS_RD,13.349991447508478
POWER_ST S OF BARKERS_RD,CAMBERWELL_RD NW OF BURKE_RD,13.349991447508478
CAMBERWELL_RD NW OF BURKE_RD,POWER_ST S OF BARKERS_RD,13.349991447508478
POWER_ST S OF BARKERS_RD,BELMORE_RD W OF BALWYN_RD,34.54982288667738
BELMORE_RD W OF BALWYN_RD,POWER_ST S OF BARKERS_RD,34.54982288667738
POWER_ST S OF BARKERS_RD,BURWOOD_RD W OF POWER_ST,33.11059449024966
BURWOOD_RD W OF POWER_ST,POWER_ST S OF BARKERS_RD,33.11059449024966
POWER_ST S OF BARKERS_RD,BURWOOD_RD W OF GLENFERRIE_RD,33.11059449024966
BURWOOD_RD W OF GLENFERRIE_RD,POWER_ST S OF BARKERS_RD,33.11059449024966
POWER_ST S OF BARKERS_RD,BURWOOD_RD W OF AUBURN_RD,33.11059449024966
BURWOOD_RD W OF AUBURN_RD,POWER_ST S OF BARKERS_RD,33.11059449024966
POWER_ST S OF BARKERS_RD,TOORONGA_RD S OF RIVERSDALE_RD,40.83205825872841
TOORONGA_RD S OF RIVERSDALE_RD,POWER_ST S OF BARKERS_RD,40.83205825872841
POWER_ST S OF BARKERS_RD,TOORONGA_RD N OF TOORAK_RD,40.83205825872841
TOORONGA_RD N OF TOORAK_RD,POWER_ST S OF BARKERS_RD,40.83205825872841
POWER_ST S OF BARKERS_RD,WALMER_ST N OF VICTORIA_ST,42.50904912770727
WALMER_ST N OF VICTORIA_ST,POWER_ST S OF BARKERS_RD,42.50904912770727
CANTERBURY_RD E OF BURKE_RD,CANTERBURY_RD W OF STANHOPE_GV,5.645110918662826
CANTERBURY_RD W OF STANHOPE_GV,CANTERBURY_RD E OF BURKE_RD,5.645110918662826
CANTERBURY_RD E OF BURKE_RD,CANTERBURY_RD W OF WARRIGAL_RD,5.645110918662826
CANTERBURY_RD W OF WARRIGAL_RD,CANTERBURY_RD E OF BURKE_RD,5.645110918662826
CANTERBURY_RD E OF BURKE_RD,CANTERBURY_RD W OF BALWYN_RD,5.645110918662826
CANTERBURY_RD W OF BALWYN_RD,CANTERBURY_RD E OF BURKE_RD,5.645110918662826
CANTERBURY_RD E OF BURKE_RD,TRAFALGAR_RD N OF RIVERSDALE_RD,46.86435929031914
TRAFALGAR_RD N OF RIVERSDALE_RD,CANTERBURY_RD E OF BURKE_RD,46.86435929031914
RATHMINES_RD W OF BURKE_RD,VICTORIA_ST W OF BURNLEY_ST,21.568496229923248
VICTORIA_ST W OF BURNLEY_ST,RATHMINES_RD W OF BURKE_RD,21.568496229923248
CANTERBURY_RD E OF STANHOPE_GV,CANTERBURY_RD W OF STANHOPE_GV,5.645110918662826
CANTERBURY_RD W OF STANHOPE_GV,CANTERBURY_RD E OF STANHOPE_GV,5.645110918662826
CANTERBURY_RD E OF STANHOPE_GV,CANTERBURY_RD W OF WARRIGAL_RD,5.645110918662826
CANTERBURY_RD W OF WARRIGAL_RD,CANTERBURY_RD E OF STANHOPE_GV,5.645110918662826
CANTERBURY_RD E OF STANHOPE_GV,CANTERBURY_RD W OF BALWYN_RD,5.645110918662826
CANTERBURY_RD W OF BALWYN_RD,CANTERBURY_RD E OF STANHOPE_GV,5.645110918662826
CANTERBURY_RD E OF STANHOPE_GV,TRAFALGAR_RD N OF RIVERSDALE_RD,46.86435929031914
TRAFALGAR_RD N OF RIVERSDALE_RD,CANTERBURY_RD E OF STANHOPE_GV,46.86435929031914
CANTERBURY_RD W OF STANHOPE_GV,CANTERBURY_RD E OF WARRIGAL_RD,5.645110918662826
CANTERBURY_RD E OF WARRIGAL_RD,CANTERBURY_RD W OF STANHOPE_GV,5.645110918662826
CANTERBURY_RD W OF STANHOPE_GV,CANTERBURY_RD E OF BALWYN_RD,5.645110918662826
CANTERBURY_RD E OF BALWYN_RD,CANTERBURY_RD W OF STANHOPE_GV,5.645110918662826
CANTERBURY_RD W OF STANHOPE_GV,TRAFALGAR_RD N OF RIVERSDALE_RD,41.60328719471518
TRAFALGAR_RD N OF RIVERSDALE_RD,CANTERBURY_RD W OF STANHOPE_GV,41.60328719471518
CANTERBURY_RD E OF WARRIGAL_RD,CANTERBURY_RD W OF WARRIGAL_RD,5.645110918662826
CANTERBURY_RD W OF WARRIGAL_RD,CANTERBURY_RD E OF WARRIGAL_RD,5.645110918662826
CANTERBURY_RD E OF WARRIGAL_RD,CANTERBURY_RD W OF BALWYN_RD,5.645110918662826
CANTERBURY_RD W OF BALWYN_RD,CANTERBURY_RD E OF WARRIGAL_RD,5.645110918662826
CANTERBURY_RD E OF WARRIGAL_RD,TRAFALGAR_RD N OF RIVERSDALE_RD,46.86435929031914
TRAFALGAR_RD N OF RIVERSDALE_RD,CANTERBURY_RD E OF WARRIGAL_RD,46.86435929031914
WARRIGAL_RD S OF CANTERBURY_RD,CAMBERWELL_RD NW OF TRAFALGAR_RD,22.160671809029097
CAMBERWELL_RD NW OF TRAFALGAR_RD,WARRIGAL_RD S OF CANTERBURY_RD,22.160671809029097
WARRIGAL_RD S OF CANTERBURY_RD,CAMBERWELL_RD NW OF BURKE_RD,22.160671809029097
CAMBERWELL_RD NW OF BURKE_RD,WARRIGAL_RD S OF CANTERBURY_RD,22.160671809029097
WARRIGAL_RD S OF CANTERBURY_RD,BELMORE_RD W OF BALWYN_RD,61.14495868625641
BELMORE_RD W OF BALWYN_RD,WARRIGAL_RD S OF CANTERBURY_RD,61.14495868625641
WARRIGAL_RD S OF CANTERBURY_RD,POWER_ST N OF BURWOOD_RD,30.17273284823139
POWER_ST N OF BURWOOD_RD,WARRIGAL_RD S OF CANTERBURY_RD,30.17273284823139
WARRIGAL_RD S OF CANTERBURY_RD,POWER_ST S OF BURWOOD_RD,30.17273284823139
POWER_ST S OF BURWOOD_RD,WARRIGAL_RD S OF CANTERBURY_RD,30.17273284823139
WARRIGAL_RD S OF CANTERBURY_RD,BURWOOD_RD W OF POWER_ST,55.0940217634465
BURWOOD_RD W OF POWER_ST,WARRIGAL_RD S OF CANTERBURY_RD,55.0940217634465
WARRIGAL_RD S OF CANTERBURY_RD,BURWOOD_RD W OF GLENFERRIE_RD,55.0940217634465
BURWOOD_RD W OF GLENFERRIE_RD,WARRIGAL_RD S OF CANTERBURY_RD,55.0940217634465
WARRIGAL_RD S OF CANTERBURY_RD,BURWOOD_RD W OF AUBURN_RD,55.0940217634465
BURWOOD_RD W OF AUBURN_RD,WARRIGAL_RD S OF CANTERBURY_RD,55.0940217634465
WARRIGAL_RD S OF CANTERBURY_RD,TOORONGA_RD S OF RIVERSDALE_RD,49.73801548240277
TOORONGA_RD S OF RIVERSDALE_RD,WARRIGAL_RD S OF CANTERBURY_RD,49.73801548240277
WARRIGAL_RD S OF CANTERBURY_RD,TOORONGA_RD N OF TOORAK_RD,49.73801548240277
TOORONGA_RD N OF TOORAK_RD,WARRIGAL_RD S OF CANTERBURY_RD,49.73801548240277
WARRIGAL_RD S OF CANTERBURY_RD,WALMER_ST N OF VICTORIA_ST,67.61274413964954
WALMER_ST N OF VICTORIA_ST,WARRIGAL_RD S OF CANTERBURY_RD,67.61274413964954
CANTERBURY_RD W OF WARRIGAL_RD,CANTERBURY_RD E OF BALWYN_RD,5.645110918662826
CANTERBURY_RD E OF BALWYN_RD,CANTERBURY_RD W OF WARRIGAL_RD,5.645110918662826
CANTERBURY_RD W OF WARRIGAL_RD,TRAFALGAR_RD N OF RIVERSDALE_RD,41.60328719471518
TRAFALGAR_RD N OF RIVERSDALE_RD,CANTERBURY_RD W OF WARRIGAL_RD,41.60328719471518
BALWYN_RD N OF CANTERBURY_RD,BALWYN_RD S OF DONCASTER_RD,2.0478555636834725
BALWYN_RD S OF DONCASTER_RD,BALWYN_RD N OF CANTERBURY_RD,2.0478555636834725
BALWYN_RD N OF CANTERBURY_RD,BELMORE_RD E OF BURKE_RD,0.9091914730617061
BELMORE_RD E OF BURKE_RD,BALWYN_RD N OF CANTERBURY_RD,0.9091914730617061
BALWYN_RD N OF CANTERBURY_RD,MONT ALBERT_RD E OF BURKE_RD,59.98550744681545
MONT ALBERT_RD E OF BURKE_RD,BALWYN_RD N OF CANTERBURY_RD,59.98550744681545
BALWYN_RD N OF CANTERBURY_RD,TOORAK_RD E OF BURKE_RD,6.044593009279566
TOORAK_RD E OF BURKE_RD,BALWYN_RD N OF CANTERBURY_RD,6.044593009279566
BALWYN_RD N OF CANTERBURY_RD,TOORAK_RD W OF BURKE_RD,10.19964967912785
TOORAK_RD W OF BURKE_RD,BALWYN_RD N OF CANTERBURY_RD,10.19964967912785
BALWYN_RD N OF CANTERBURY_RD,BELMORE_RD E OF BALWYN_RD,0.9091914730617061
BELMORE_RD E OF BALWYN_RD,BALWYN_RD N OF CANTERBURY_RD,0.9091914730617061
BALWYN_RD N OF CANTERBURY_RD,BALWYN_RD S OF BELMORE_RD,2.0478555636834725
BALWYN_RD S OF BELMORE_RD,BALWYN_RD N OF CANTERBURY_RD,2.0478555636834725
BALWYN_RD N OF CANTERBURY_RD,BALWYN_RD S OF WHITEHORSE_RD,2.0478555636834725
BALWYN_RD S OF WHITEHORSE_RD,BALWYN_RD N OF CANTERBURY_RD,2.0478555636834725
BALWYN_RD N OF CANTERBURY_RD,GLENFERRIE_RD N OF BURWOOD_RD,9.110418996216822
GLENFERRIE_RD N OF BURWOOD_RD,BALWYN_RD N OF CANTERBURY_RD,9.110418996216822
BALWYN_RD N OF CANTERBURY_RD,GLENFERRIE_RD N OF RIVERSDALE_RD,9.110418996216822
GLENFERRIE_RD N OF RIVERSDALE_RD,BALWYN_RD N OF CANTERBURY_RD,9.110418996216822
BALWYN_RD N OF CANTERBURY_RD,TOORAK_RD E OF TOORONGA_RD,6.044593009279566
TOORAK_RD E OF TOORONGA_RD,BALWYN_RD N OF CANTERBURY_RD,6.044593009279566
BALWYN_RD N OF CANTERBURY_RD,HARP_RD E OF HIGH_ST,2.372748710847028
HARP_RD E OF HIGH_ST,BALWYN_RD N OF CANTERBURY_RD,2.372748710847028
BALWYN_RD N OF CANTERBURY_RD,VALERIE_ST W OF HIGH_ST,3.2395555096780795
VALERIE_ST W OF HIGH_ST,BALWYN_RD N OF CANTERBURY_RD,3.2395555096780795
BALWYN_RD N OF CANTERBURY_RD,COTHAM_RD E OF GLENFERRIE_RD,4.58919532789792
COTHAM_RD E OF GLENFERRIE_RD,BALWYN_RD N OF CANTERBURY_RD,4.58919532789792
CANTERBURY_RD E OF BALWYN_RD,CANTERBURY_RD W OF BALWYN_RD,5.645110918662826
CANTERBURY_RD W OF BALWYN_RD,CANTERBURY_RD E OF BALWYN_RD,5.645110918662826
CANTERBURY_RD E OF BALWYN_RD,TRAFALGAR_RD N OF RIVERSDALE_RD,46.86435929031914
TRAFALGAR_RD N OF RIVERSDALE_RD,CANTERBURY_RD E OF BALWYN_RD,46.86435929031914
CANTERBURY_RD W OF BALWYN_RD,TRAFALGAR_RD N OF RIVERSDALE_RD,41.60328719471518
TRAFALGAR_RD N OF RIVERSDALE_RD,CANTERBURY_RD W OF BALWYN_RD,41.60328719471518
DONCASTER_RD E OF BALWYN_RD,DONCASTER_RD W OF BALWYN_RD,8.642039483399481
DONCASTER_RD W OF BALWYN_RD,DONCASTER_RD E OF BALWYN_RD,8.642039483399481
DONCASTER_RD E OF BALWYN_RD,HARP_RD W OF BURKE_RD,35.17558296154643
HARP_RD W OF BURKE_RD,DONCASTER_RD E OF BALWYN_RD,35.17558296154643
BALWYN_RD S OF DONCASTER_RD,BELMORE_RD E OF BURKE_RD,1.5150361554312015
BELMORE_RD E OF BURKE_RD,BALWYN_RD S OF DONCASTER_RD,1.5150361554312015
BALWYN_RD S OF DONCASTER_RD,MONT ALBERT_RD E OF BURKE_RD,59.13076063630751
MONT ALBERT_RD E OF BURKE_RD,BALWYN_RD S OF DONCASTER_RD,59.13076063630751
BALWYN_RD S OF DONCASTER_RD,TOORAK_RD E OF BURKE_RD,4.177897316674048
TOORAK_RD E OF BURKE_RD,BALWYN_RD S OF DONCASTER_RD,4.177897316674048
BALWYN_RD S OF DONCASTER_RD,TOORAK_RD W OF BURKE_RD,9.19810128650644
TOORAK_RD W OF BURKE_RD,BALWYN_RD S OF DONCASTER_RD,9.19810128650644
BALWYN_RD S OF DONCASTER_RD,BALWYN_RD N OF BELMORE_RD,2.0478555636834725
BALWYN_RD N OF BELMORE_RD,BALWYN_RD S OF DONCASTER_RD,2.0478555636834725
BALWYN_RD S OF DONCASTER_RD,BELMORE_RD E OF BALWYN_RD,1.5150361554312015
BELMORE_RD E OF BALWYN_RD,BALWYN_RD S OF DONCASTER_RD,1.5150361554312015
BALWYN_RD S OF DONCASTER_RD,BALWYN_RD N OF WHITEHORSE_RD,2.0478555636834725
BALWYN_RD N OF WHITEHORSE_RD,BALWYN_RD S OF DONCASTER_RD,2.0478555636834725
BALWYN_RD S OF DONCASTER_RD,GLENFERRIE_RD N OF BURWOOD_RD,7.295274987937623
GLENFERRIE_RD N OF BURWOOD_RD,BALWYN_RD S OF DONCASTER_RD,7.295274987937623
BALWYN_RD S OF DONCASTER_RD,GLENFERRIE_RD N OF RIVERSDALE_RD,7.295274987937623
GLENFERRIE_RD N OF RIVERSDALE_RD,BALWYN_RD S OF DONCASTER_RD,7.295274987937623
BALWYN_RD S OF DONCASTER_RD,TOORAK_RD E OF TOORONGA_RD,4.177897316674048
TOORAK_RD E OF TOORONGA_RD,BALWYN_RD S OF DONCASTER_RD,4.177897316674048
BALWYN_RD S OF DONCASTER_RD,HARP_RD E OF HIGH_ST,2.690164560388921
HARP_RD E OF HIGH_ST,BALWYN_RD S OF DONCASTER_RD,2.690164560388921
BALWYN_RD S OF DONCASTER_RD,VALERIE_ST W OF HIGH_ST,3.512965129970175
VALERIE_ST W OF HIGH_ST,BALWYN_RD S OF DONCASTER_RD,3.512965129970175
BALWYN_RD S OF DONCASTER_RD,COTHAM_RD E OF GLENFERRIE_RD,4.267088471803964
COTHAM_RD E OF GLENFERRIE_RD,BALWYN_RD S OF DONCASTER_RD,4.267088471803964
DONCASTER_RD W OF BALWYN_RD,HARP_RD W OF BURKE_RD,26.665748764260208
HARP_RD W OF BURKE_RD,DONCASTER_RD W OF BALWYN_RD,26.665748764260208
DONCASTER_RD W OF BALWYN_RD,DONCASTER_RD E OF BULLEEN_RD,8.642039483399481
DONCASTER_RD E OF BULLEEN_RD,DONCASTER_RD W OF BALWYN_RD,8.642039483399481
HIGH_ST NE OF PRINCESS_ST,HIGH_ST SW OF DENMARK_ST,28.449614340259
HIGH_ST SW OF DENMARK_ST,HIGH_ST NE OF PRINCESS_ST,28.449614340259
HIGH_ST NE OF PRINCESS_ST,HIGH_ST SW OF BURKE_RD,28.449614340259
HIGH_ST SW OF BURKE_RD,HIGH_ST NE OF PRINCESS_ST,28.449614340259
HIGH_ST NE OF PRINCESS_ST,HIGH_ST SW OF HARP_ST,28.449614340259
HIGH_ST SW OF HARP_ST,HIGH_ST NE OF PRINCESS_ST,28.449614340259
HIGH_ST SW OF DENMARK_ST,HIGH_ST NE OF HARP_ST,28.449614340259
HIGH_ST NE OF HARP_ST,HIGH_ST SW OF DENMARK_ST,28.449614340259
HIGH_ST SW OF DENMARK_ST,HIGH_ST NE OF CHARLES_ST,28.449614340259
HIGH_ST NE OF CHARLES_ST,HIGH_ST SW OF DENMARK_ST,28.449614340259
WARRIGAL_RD N OF RIVERSDALE_RD,CAMBERWELL_RD NW OF TRAFALGAR_RD,22.160671809029097
CAMBERWELL_RD NW OF TRAFALGAR_RD,WARRIGAL_RD N OF RIVERSDALE_RD,22.160671809029097
WARRIGAL_RD N OF RIVERSDALE_RD,CAMBERWELL_RD NW OF BURKE_RD,22.160671809029097
CAMBERWELL_RD NW OF BURKE_RD,WARRIGAL_RD N OF RIVERSDALE_RD,22.160671809029097
WARRIGAL_RD N OF RIVERSDALE_RD,BELMORE_RD W OF BALWYN_RD,61.14495868625641
BELMORE_RD W OF BALWYN_RD,WARRIGAL_RD N OF RIVERSDALE_RD,61.14495868625641
WARRIGAL_RD N OF RIVERSDALE_RD,POWER_ST N OF BURWOOD_RD,30.17273284823139
POWER_ST N OF BURWOOD_RD,WARRIGAL_RD N OF RIVERSDALE_RD,30.17273284823139
WARRIGAL_RD N OF RIVERSDALE_RD,POWER_ST S OF BURWOOD_RD,30.17273284823139
POWER_ST S OF BURWOOD_RD,WARRIGAL_RD N OF RIVERSDALE_RD,30.17273284823139
WARRIGAL_RD N OF RIVERSDALE_RD,BURWOOD_RD W OF POWER_ST,55.0940217634465
BURWOOD_RD W OF POWER_ST,WARRIGAL_RD N OF RIVERSDALE_RD,55.0940217634465
WARRIGAL_RD N OF RIVERSDALE_RD,BURWOOD_RD W OF GLENFERRIE_RD,55.0940217634465
BURWOOD_RD W OF GLENFERRIE_RD,WARRIGAL_RD N OF RIVERSDALE_RD,55.0940217634465
WARRIGAL_RD N OF RIVERSDALE_RD,BURWOOD_RD W OF AUBURN_RD,55.0940217634465
BURWOOD_RD W OF AUBURN_RD,WARRIGAL_RD N OF RIVERSDALE_RD,55.0940217634465
WARRIGAL_RD N OF RIVERSDALE_RD,TOORONGA_RD S OF RIVERSDALE_RD,49.73801548240277
TOORONGA_RD S OF RIVERSDALE_RD,WARRIGAL_RD N OF RIVERSDALE_RD,49.73801548240277
WARRIGAL_RD N OF RIVERSDALE_RD,TOORONGA_RD N OF TOORAK_RD,49.73801548240277
TOORONGA_RD N OF TOORAK_RD,WARRIGAL_RD N OF RIVERSDALE_RD,49.73801548240277
WARRIGAL_RD N OF RIVERSDALE_RD,WALMER_ST N OF VICTORIA_ST,67.61274413964954
WALMER_ST N OF VICTORIA_ST,WARRIGAL_RD N OF RIVERSDALE_RD,67.61274413964954
WARRIGAL_RD S OF RIVERSDALE_RD,CAMBERWELL_RD NW OF TRAFALGAR_RD,22.160671809029097
CAMBERWELL_RD NW OF TRAFALGAR_RD,WARRIGAL_RD S OF RIVERSDALE_RD,22.160671809029097
WARRIGAL_RD S OF RIVERSDALE_RD,CAMBERWELL_RD NW OF BURKE_RD,22.160671809029097
CAMBERWELL_RD NW OF BURKE_RD,WARRIGAL_RD S OF RIVERSDALE_RD,22.160671809029097
WARRIGAL_RD S OF RIVERSDALE_RD,BELMORE_RD W OF BALWYN_RD,61.14495868625641
BELMORE_RD W OF BALWYN_RD,WARRIGAL_RD S OF RIVERSDALE_RD,61.14495868625641
WARRIGAL_RD S OF RIVERSDALE_RD,POWER_ST N OF BURWOOD_RD,30.17273284823139
POWER_ST N OF BURWOOD_RD,WARRIGAL_RD S OF RIVERSDALE_RD,30.17273284823139
WARRIGAL_RD S OF RIVERSDALE_RD,POWER_ST S OF BURWOOD_RD,30.17273284823139
POWER_ST S OF BURWOOD_RD,WARRIGAL_RD S OF RIVERSDALE_RD,30.17273284823139
WARRIGAL_RD S OF RIVERSDALE_RD,BURWOOD_RD W OF POWER_ST,55.0940217634465
BURWOOD_RD W OF POWER_ST,WARRIGAL_RD S OF RIVERSDALE_RD,55.0940217634465
WARRIGAL_RD S OF RIVERSDALE_RD,BURWOOD_RD W OF GLENFERRIE_RD,55.0940217634465
BURWOOD_RD W OF GLENFERRIE_RD,WARRIGAL_RD S OF RIVERSDALE_RD,55.0940217634465
WARRIGAL_RD S OF RIVERSDALE_RD,BURWOOD_RD W OF AUBURN_RD,55.0940217634465
BURWOOD_RD W OF AUBURN_RD,WARRIGAL_RD S OF RIVERSDALE_RD,55.0940217634465
WARRIGAL_RD S OF RIVERSDALE_RD,TOORONGA_RD S OF RIVERSDALE_RD,49.73801548240277
TOORONGA_RD S OF RIVERSDALE_RD,WARRIGAL_RD S OF RIVERSDALE_RD,49.73801548240277
WARRIGAL_RD S OF RIVERSDALE_RD,TOORONGA_RD N OF TOORAK_RD,49.73801548240277
TOORONGA_RD N OF TOORAK_RD,WARRIGAL_RD S OF RIVERSDALE_RD,49.73801548240277
WARRIGAL_RD S OF RIVERSDALE_RD,WALMER_ST N OF VICTORIA_ST,67.61274413964954
WALMER_ST N OF VICTORIA_ST,WARRIGAL_RD S OF RIVERSDALE_RD,67.61274413964954
RIVERSDALE_RD W OF WARRIGAL_RD,COTHAM_RD W OF BURKE_RD,98.5148085252227
COTHAM_RD W OF BURKE_RD,RIVERSDALE_RD W OF WARRIGAL_RD,98.5148085252227
RIVERSDALE_RD W OF WARRIGAL_RD,COTHAM_RD W OF GLENFERRIE_RD,98.5148085252227
COTHAM_RD W OF GLENFERRIE_RD,RIVERSDALE_RD W OF WARRIGAL_RD,98.5148085252227
WARRIGAL_RD N OF HIGHBURY_RD,CAMBERWELL_RD NW OF TRAFALGAR_RD,22.160671809029097
CAMBERWELL_RD NW OF TRAFALGAR_RD,WARRIGAL_RD N OF HIGHBURY_RD,22.160671809029097
WARRIGAL_RD N OF HIGHBURY_RD,CAMBERWELL_RD NW OF BURKE_RD,22.160671809029097
CAMBERWELL_RD NW OF BURKE_RD,WARRIGAL_RD N OF HIGHBURY_RD,22.160671809029097
WARRIGAL_RD N OF HIGHBURY_RD,BELMORE_RD W OF BALWYN_RD,61.14495868625641
BELMORE_RD W OF BALWYN_RD,WARRIGAL_RD N OF HIGHBURY_RD,61.14495868625641
WARRIGAL_RD N OF HIGHBURY_RD,POWER_ST N OF BURWOOD_RD,30.17273284823139
POWER_ST N OF BURWOOD_RD,WARRIGAL_RD N OF HIGHBURY_RD,30.17273284823139
WARRIGAL_RD N OF HIGHBURY_RD,POWER_ST S OF BURWOOD_RD,30.17273284823139
POWER_ST S OF BURWOOD_RD,WARRIGAL_RD N OF HIGHBURY_RD,30.17273284823139
WARRIGAL_RD N OF HIGHBURY_RD,BURWOOD_RD W OF POWER_ST,55.0940217634465
BURWOOD_RD W OF POWER_ST,WARRIGAL_RD N OF HIGHBURY_RD,55.0940217634465
WARRIGAL_RD N OF HIGHBURY_RD,BURWOOD_RD W OF GLENFERRIE_RD,55.0940217634465
BURWOOD_RD W OF GLENFERRIE_RD,WARRIGAL_RD N OF HIGHBURY_RD,55.0940217634465
WARRIGAL_RD N OF HIGHBURY_RD,BURWOOD_RD W OF AUBURN_RD,55.0940217634465
BURWOOD_RD W OF AUBURN_RD,WARRIGAL_RD N OF HIGHBURY_RD,55.0940217634465
WARRIGAL_RD N OF HIGHBURY_RD,TOORONGA_RD S OF RIVERSDALE_RD,49.73801548240277
TOORONGA_RD S OF RIVERSDALE_RD,WARRIGAL_RD N OF HIGHBURY_RD,49.73801548240277
WARRIGAL_RD N OF HIGHBURY_RD,TOORONGA_RD N OF TOORAK_RD,49.73801548240277
TOORONGA_RD N OF TOORAK_RD,WARRIGAL_RD N OF HIGHBURY_RD,49.73801548240277
WARRIGAL_RD N OF HIGHBURY_RD,WALMER_ST N OF VICTORIA_ST,67.61274413964954
WALMER_ST N OF VICTORIA_ST,WARRIGAL_RD N OF HIGHBURY_RD,67.61274413964954
HIGHBURY_RD E OF WARRIGAL_RD,HARP_RD W OF BURKE_RD,80.6615553330518
HARP_RD W OF BURKE_RD,HIGHBURY_RD E OF WARRIGAL_RD,80.6615553330518
WARRIGAL_RD S OF HIGHBURY_RD,CAMBERWELL_RD NW OF TRAFALGAR_RD,22.160671809029097
CAMBERWELL_RD NW OF TRAFALGAR_RD,WARRIGAL_RD S OF HIGHBURY_RD,22.160671809029097
WARRIGAL_RD S OF HIGHBURY_RD,CAMBERWELL_RD NW OF BURKE_RD,22.160671809029097
CAMBERWELL_RD NW OF BURKE_RD,WARRIGAL_RD S OF HIGHBURY_RD,22.160671809029097
WARRIGAL_RD S OF HIGHBURY_RD,BELMORE_RD W OF BALWYN_RD,61.14495868625641
BELMORE_RD W OF BALWYN_RD,WARRIGAL_RD S OF HIGHBURY_RD,61.14495868625641
WARRIGAL_RD S OF HIGHBURY_RD,POWER_ST N OF BURWOOD_RD,30.17273284823139
POWER_ST N OF BURWOOD_RD,WARRIGAL_RD S OF HIGHBURY_RD,30.17273284823139
WARRIGAL_RD S OF HIGHBURY_RD,POWER_ST S OF BURWOOD_RD,30.17273284823139
POWER_ST S OF BURWOOD_RD,WARRIGAL_RD S OF HIGHBURY_RD,30.17273284823139
WARRIGAL_RD S OF HIGHBURY_RD,BURWOOD_RD W OF POWER_ST,55.0940217634465
BURWOOD_RD W OF POWER_ST,WARRIGAL_RD S OF HIGHBURY_RD,55.0940217634465
WARRIGAL_RD S OF HIGHBURY_RD,BURWOOD_RD W OF GLENFERRIE_RD,55.0940217634465
BURWOOD_RD W OF GLENFERRIE_RD,WARRIGAL_RD S OF HIGHBURY_RD,55.0940217634465
WARRIGAL_RD S OF HIGHBURY_RD,BURWOOD_RD W OF AUBURN_RD,55.0940217634465
BURWOOD_RD W OF AUBURN_RD,WARRIGAL_RD S OF HIGHBURY_RD,55.0940217634465
WARRIGAL_RD S OF HIGHBURY_RD,TOORONGA_RD S OF RIVERSDALE_RD,49.73801548240277
TOORONGA_RD S OF RIVERSDALE_RD,WARRIGAL_RD S OF HIGHBURY_RD,49.73801548240277
WARRIGAL_RD S OF HIGHBURY_RD,TOORONGA_RD N OF TOORAK_RD,49.73801548240277
TOORONGA_RD N OF TOORAK_RD,WARRIGAL_RD S OF HIGHBURY_RD,49.73801548240277
WARRIGAL_RD S OF HIGHBURY_RD,WALMER_ST N OF VICTORIA_ST,67.61274413964954
WALMER_ST N OF VICTORIA_ST,WARRIGAL_RD S OF HIGHBURY_RD,67.61274413964954
TRAFALGAR_RD N OF RIVERSDALE_RD,GLENFERRIE_RD S OF BURWOOD_RD,79.64912338623729
GLENFERRIE_RD S OF BURWOOD_RD,TRAFALGAR_RD N OF RIVERSDALE_RD,79.64912338623729
TRAFALGAR_RD N OF RIVERSDALE_RD,GLENFERRIE_RD S OF RIVERSDALE_RD,79.64912338623729
GLENFERRIE_RD S OF RIVERSDALE_RD,TRAFALGAR_RD N OF RIVERSDALE_RD,79.64912338623729
TRAFALGAR_RD N OF RIVERSDALE_RD,GLENFERRIE_RD S OF COTHAM_RD,79.64912338623729
GLENFERRIE_RD S OF COTHAM_RD,TRAFALGAR_RD N OF RIVERSDALE_RD,79.64912338623729
RIVERSDALE_RD W OF TRAFALGAR_RD,COTHAM_RD W OF BURKE_RD,98.5148085252227
COTHAM_RD W OF BURKE_RD,RIVERSDALE_RD W OF TRAFALGAR_RD,98.5148085252227
RIVERSDALE_RD W OF TRAFALGAR_RD,COTHAM_RD W OF GLENFERRIE_RD,98.5148085252227
COTHAM_RD W OF GLENFERRIE_RD,RIVERSDALE_RD W OF TRAFALGAR_RD,98.5148085252227
CAMBERWELL_RD NW OF TRAFALGAR_RD,BELMORE_RD W OF BALWYN_RD,39.04185605472585
BELMORE_RD W OF BALWYN_RD,CAMBERWELL_RD NW OF TRAFALGAR_RD,39.04185605472585
CAMBERWELL_RD NW OF TRAFALGAR_RD,POWER_ST N OF BURWOOD_RD,13.349991447508478
POWER_ST N OF BURWOOD_RD,CAMBERWELL_RD NW OF TRAFALGAR_RD,13.349991447508478
CAMBERWELL_RD NW OF TRAFALGAR_RD,POWER_ST S OF BURWOOD_RD,13.349991447508478
POWER_ST S OF BURWOOD_RD,CAMBERWELL_RD NW OF TRAFALGAR_RD,13.349991447508478
CAMBERWELL_RD NW OF TRAFALGAR_RD,BURWOOD_RD W OF POWER_ST,33.222791306466654
BURWOOD_RD W OF POWER_ST,CAMBERWELL_RD NW OF TRAFALGAR_RD,33.222791306466654
CAMBERWELL_RD NW OF TRAFALGAR_RD,BURWOOD_RD W OF GLENFERRIE_RD,33.222791306466654
BURWOOD_RD W OF GLENFERRIE_RD,CAMBERWELL_RD NW OF TRAFALGAR_RD,33.222791306466654
CAMBERWELL_RD NW OF TRAFALGAR_RD,BURWOOD_RD W OF AUBURN_RD,33.222791306466654
BURWOOD_RD W OF AUBURN_RD,CAMBERWELL_RD NW OF TRAFALGAR_RD,33.222791306466654
CAMBERWELL_RD NW OF TRAFALGAR_RD,TOORONGA_RD S OF RIVERSDALE_RD,32.8759595774893
TOORONGA_RD S OF RIVERSDALE_RD,CAMBERWELL_RD NW OF TRAFALGAR_RD,32.8759595774893
CAMBERWELL_RD NW OF TRAFALGAR_RD,TOORONGA_RD N OF TOORAK_RD,32.8759595774893
TOORONGA_RD N OF TOORAK_RD,CAMBERWELL_RD NW OF TRAFALGAR_RD,32.8759595774893
CAMBERWELL_RD NW OF TRAFALGAR_RD,WALMER_ST N OF VICTORIA_ST,45.470596083153666
WALMER_ST N OF VICTORIA_ST,CAMBERWELL_RD NW OF TRAFALGAR_RD,45.470596083153666
HIGH_ST SW OF BURKE_RD,HIGH_ST NE OF HARP_ST,28.449614340259
HIGH_ST NE OF HARP_ST,HIGH_ST SW OF BURKE_RD,28.449614340259
HIGH_ST SW OF BURKE_RD,HIGH_ST NE OF CHARLES_ST,28.449614340259
HIGH_ST NE OF CHARLES_ST,HIGH_ST SW OF BURKE_RD,28.449614340259
KILBY_RD W OF BURKE_RD,COTHAM_RD W OF BURKE_RD,6.947644449383026
COTHAM_RD W OF BURKE_RD,KILBY_RD W OF BURKE_RD,6.947644449383026
KILBY_RD W OF BURKE_RD,COTHAM_RD W OF GLENFERRIE_RD,6.947644449383026
COTHAM_RD W OF GLENFERRIE_RD,KILBY_RD W OF BURKE_RD,6.947644449383026
BELMORE_RD E OF BURKE_RD,MONT ALBERT_RD E OF BURKE_RD,59.14036832410894
MONT ALBERT_RD E OF BURKE_RD,BELMORE_RD E OF BURKE_RD,59.14036832410894
BELMORE_RD E OF BURKE_RD,TOORAK_RD E OF BURKE_RD,5.688017742023712
TOORAK_RD E OF BURKE_RD,BELMORE_RD E OF BURKE_RD,5.688017742023712
BELMORE_RD E OF BURKE_RD,TOORAK_RD W OF BURKE_RD,10.373553850840043
TOORAK_RD W OF BURKE_RD,BELMORE_RD E OF BURKE_RD,10.373553850840043
BELMORE_RD E OF BURKE_RD,BALWYN_RD N OF BELMORE_RD,0.9091914730617061
BALWYN_RD N OF BELMORE_RD,BELMORE_RD E OF BURKE_RD,0.9091914730617061
BELMORE_RD E OF BURKE_RD,BALWYN_RD S OF BELMORE_RD,1.5150361554312015
BALWYN_RD S OF BELMORE_RD,BELMORE_RD E OF BURKE_RD,1.5150361554312015
BELMORE_RD E OF BURKE_RD,BALWYN_RD N OF WHITEHORSE_RD,0.9091914730617061
BALWYN_RD N OF WHITEHORSE_RD,BELMORE_RD E OF BURKE_RD,0.9091914730617061
BELMORE_RD E OF BURKE_RD,BALWYN_RD S OF WHITEHORSE_RD,1.5150361554312015
BALWYN_RD S OF WHITEHORSE_RD,BELMORE_RD E OF BURKE_RD,1.5150361554312015
BELMORE_RD E OF BURKE_RD,GLENFERRIE_RD N OF BURWOOD_RD,8.801069787367993
GLENFERRIE_RD N OF BURWOOD_RD,BELMORE_RD E OF BURKE_RD,8.801069787367993
BELMORE_RD E OF BURKE_RD,GLENFERRIE_RD N OF RIVERSDALE_RD,8.801069787367993
GLENFERRIE_RD N OF RIVERSDALE_RD,BELMORE_RD E OF BURKE_RD,8.801069787367993
BELMORE_RD E OF BURKE_RD,TOORAK_RD E OF TOORONGA_RD,5.688017742023712
TOORAK_RD E OF TOORONGA_RD,BELMORE_RD E OF BURKE_RD,5.688017742023712
BELMORE_RD E OF BURKE_RD,HARP_RD E OF HIGH_ST,2.906997995034855
HARP_RD E OF HIGH_ST,BELMORE_RD E OF BURKE_RD,2.906997995034855
BELMORE_RD E OF BURKE_RD,VALERIE_ST W OF HIGH_ST,3.8092111032040723
VALERIE_ST W OF HIGH_ST,BELMORE_RD E OF BURKE_RD,3.8092111032040723
BELMORE_RD E OF BURKE_RD,COTHAM_RD E OF GLENFERRIE_RD,4.987045012556786
COTHAM_RD E OF GLENFERRIE_RD,BELMORE_RD E OF BURKE_RD,4.987045012556786
HARP_RD W OF BURKE_RD,DONCASTER_RD E OF BULLEEN_RD,35.17558296154643
DONCASTER_RD E OF BULLEEN_RD,HARP_RD W OF BURKE_RD,35.17558296154643
COTHAM_RD W OF BURKE_RD,RIVERSDALE_RD W OF BURKE_RD,98.5148085252227
RIVERSDALE_RD W OF BURKE_RD,COTHAM_RD W OF BURKE_RD,98.5148085252227
COTHAM_RD W OF BURKE_RD,RIVERSDALE_RD W OF GLENFERRIE_RD,98.5148085252227
RIVERSDALE_RD W OF GLENFERRIE_RD,COTHAM_RD W OF BURKE_RD,98.5148085252227
COTHAM_RD W OF BURKE_RD,RIVERSDALE_RD W OF TOORONGA_RD,98.5148085252227
RIVERSDALE_RD W OF TOORONGA_RD,COTHAM_RD W OF BURKE_RD,98.5148085252227
MONT ALBERT_RD E OF BURKE_RD,TOORAK_RD E OF BURKE_RD,59.69490433451658
TOORAK_RD E OF BURKE_RD,MONT ALBERT_RD E OF BURKE_RD,59.69490433451658
MONT ALBERT_RD E OF BURKE_RD,TOORAK_RD W OF BURKE_RD,65.68267890194498
TOORAK_RD W OF BURKE_RD,MONT ALBERT_RD E OF BURKE_RD,65.68267890194498
MONT ALBERT_RD E OF BURKE_RD,BALWYN_RD N OF BELMORE_RD,59.98550744681545
BALWYN_RD N OF BELMORE_RD,MONT ALBERT_RD E OF BURKE_RD,59.98550744681545
MONT ALBERT_RD E OF BURKE_RD,BELMORE_RD E OF BALWYN_RD,59.14036832410894
BELMORE_RD E OF BALWYN_RD,MONT ALBERT_RD E OF BURKE_RD,59.14036832410894
MONT ALBERT_RD E OF BURKE_RD,BALWYN_RD S OF BELMORE_RD,59.13076063630751
BALWYN_RD S OF BELMORE_RD,MONT ALBERT_RD E OF BURKE_RD,59.13076063630751
MONT ALBERT_RD E OF BURKE_RD,BALWYN_RD N OF WHITEHORSE_RD,59.98550744681545
BALWYN_RD N OF WHITEHORSE_RD,MONT ALBERT_RD E OF BURKE_RD,59.98550744681545
MONT ALBERT_RD E OF BURKE_RD,BALWYN_RD S OF WHITEHORSE_RD,59.13076063630751
BALWYN_RD S OF WHITEHORSE_RD,MONT ALBERT_RD E OF BURKE_RD,59.13076063630751
MONT ALBERT_RD E OF BURKE_RD,GLENFERRIE_RD N OF BURWOOD_RD,60.49548593479996
GLENFERRIE_RD N OF BURWOOD_RD,MONT ALBERT_RD E OF BURKE_RD,60.49548593479996
MONT ALBERT_RD E OF BURKE_RD,GLENFERRIE_RD N OF RIVERSDALE_RD,60.49548593479996
GLENFERRIE_RD N OF RIVERSDALE_RD,MONT ALBERT_RD E OF BURKE_RD,60.49548593479996
MONT ALBERT_RD E OF BURKE_RD,TOORAK_RD E OF TOORONGA_RD,59.69490433451658
TOORAK_RD E OF TOORONGA_RD,MONT ALBERT_RD E OF BURKE_RD,59.69490433451658
MONT ALBERT_RD E OF BURKE_RD,HARP_RD E OF HIGH_ST,61.79590255328314
HARP_RD E OF HIGH_ST,MONT ALBERT_RD E OF BURKE_RD,61.79590255328314
MONT ALBERT_RD E OF BURKE_RD,VALERIE_ST W OF HIGH_ST,62.64316921803707
VALERIE_ST W OF HIGH_ST,MONT ALBERT_RD E OF BURKE_RD,62.64316921803707
MONT ALBERT_RD E OF BURKE_RD,COTHAM_RD E OF GLENFERRIE_RD,63.17215946124872
COTHAM_RD E OF GLENFERRIE_RD,MONT ALBERT_RD E OF BURKE_RD,63.17215946124872
RIVERSDALE_RD W OF BURKE_RD,COTHAM_RD W OF GLENFERRIE_RD,98.5148085252227
COTHAM_RD W OF GLENFERRIE_RD,RIVERSDALE_RD W OF BURKE_RD,98.5148085252227
CAMBERWELL_RD NW OF BURKE_RD,BELMORE_RD W OF BALWYN_RD,39.04185605472585
BELMORE_RD W OF BALWYN_RD,CAMBERWELL_RD NW OF BURKE_RD,39.04185605472585
CAMBERWELL_RD NW OF BURKE_RD,POWER_ST N OF BURWOOD_RD,13.349991447508478
POWER_ST N OF BURWOOD_RD,CAMBERWELL_RD NW OF BURKE_RD,13.349991447508478
CAMBERWELL_RD NW OF BURKE_RD,POWER_ST S OF BURWOOD_RD,13.349991447508478
POWER_ST S OF BURWOOD_RD,CAMBERWELL_RD NW OF BURKE_RD,13.349991447508478
CAMBERWELL_RD NW OF BURKE_RD,BURWOOD_RD W OF POWER_ST,33.222791306466654
BURWOOD_RD W OF POWER_ST,CAMBERWELL_RD NW OF BURKE_RD,33.222791306466654
CAMBERWELL_RD NW OF BURKE_RD,BURWOOD_RD W OF GLENFERRIE_RD,33.222791306466654
BURWOOD_RD W OF GLENFERRIE_RD,CAMBERWELL_RD NW OF BURKE_RD,33.222791306466654
CAMBERWELL_RD NW OF BURKE_RD,BURWOOD_RD W OF AUBURN_RD,33.222791306466654
BURWOOD_RD W OF AUBURN_RD,CAMBERWELL_RD NW OF BURKE_RD,33.222791306466654
CAMBERWELL_RD NW OF BURKE_RD,TOORONGA_RD S OF RIVERSDALE_RD,32.8759595774893
TOORONGA_RD S OF RIVERSDALE_RD,CAMBERWELL_RD NW OF BURKE_RD,32.8759595774893
CAMBERWELL_RD NW OF BURKE_RD,TOORONGA_RD N OF TOORAK_RD,32.8759595774893
TOORONGA_RD N OF TOORAK_RD,CAMBERWELL_RD NW OF BURKE_RD,32.8759595774893
CAMBERWELL_RD NW OF BURKE_RD,WALMER_ST N OF VICTORIA_ST,45.470596083153666
WALMER_ST N OF VICTORIA_ST,CAMBERWELL_RD NW OF BURKE_RD,45.470596083153666
TOORAK_RD E OF BURKE_RD,TOORAK_RD W OF BURKE_RD,6.353833071961588
TOORAK_RD W OF BURKE_RD,TOORAK_RD E OF BURKE_RD,6.353833071961588
TOORAK_RD E OF BURKE_RD,BALWYN_RD N OF BELMORE_RD,6.044593009279566
BALWYN_RD N OF BELMORE_RD,TOORAK_RD E OF BURKE_RD,6.044593009279566
TOORAK_RD E OF BURKE_RD,BELMORE_RD E OF BALWYN_RD,5.688017742023712
BELMORE_RD E OF BALWYN_RD,TOORAK_RD E OF BURKE_RD,5.688017742023712
TOORAK_RD E OF BURKE_RD,BALWYN_RD S OF BELMORE_RD,4.177897316674048
BALWYN_RD S OF BELMORE_RD,TOORAK_RD E OF BURKE_RD,4.177897316674048
TOORAK_RD E OF BURKE_RD,BALWYN_RD N OF WHITEHORSE_RD,6.044593009279566
BALWYN_RD N OF WHITEHORSE_RD,TOORAK_RD E OF BURKE_RD,6.044593009279566
TOORAK_RD E OF BURKE_RD,BALWYN_RD S OF WHITEHORSE_RD,4.177897316674048
BALWYN_RD S OF WHITEHORSE_RD,TOORAK_RD E OF BURKE_RD,4.177897316674048
TOORAK_RD E OF BURKE_RD,GLENFERRIE_RD N OF BURWOOD_RD,3.121038383235998
GLENFERRIE_RD N OF BURWOOD_RD,TOORAK_RD E OF BURKE_RD,3.121038383235998
TOORAK_RD E OF BURKE_RD,GLENFERRIE_RD N OF RIVERSDALE_RD,3.121038383235998
GLENFERRIE_RD N OF RIVERSDALE_RD,TOORAK_RD E OF BURKE_RD,3.121038383235998
TOORAK_RD E OF BURKE_RD,HARP_RD E OF HIGH_ST,5.056600850512914
HARP_RD E OF HIGH_ST,TOORAK_RD E OF BURKE_RD,5.056600850512914
TOORAK_RD E OF BURKE_RD,VALERIE_ST W OF HIGH_ST,5.2331375355750955
VALERIE_ST W OF HIGH_ST,TOORAK_RD E OF BURKE_RD,5.2331375355750955
TOORAK_RD E OF BURKE_RD,COTHAM_RD E OF GLENFERRIE_RD,4.530046771581606
COTHAM_RD E OF GLENFERRIE_RD,TOORAK_RD E OF BURKE_RD,4.530046771581606
TOORAK_RD W OF BURKE_RD,BALWYN_RD N OF BELMORE_RD,10.19964967912785
BALWYN_RD N OF BELMORE_RD,TOORAK_RD W OF BURKE_RD,10.19964967912785
TOORAK_RD W OF BURKE_RD,BELMORE_RD E OF BALWYN_RD,10.373553850840043
BELMORE_RD E OF BALWYN_RD,TOORAK_RD W OF BURKE_RD,10.373553850840043
TOORAK_RD W OF BURKE_RD,BALWYN_RD S OF BELMORE_RD,9.19810128650644
BALWYN_RD S OF BELMORE_RD,TOORAK_RD W OF BURKE_RD,9.19810128650644
TOORAK_RD W OF BURKE_RD,BALWYN_RD N OF WHITEHORSE_RD,10.19964967912785
BALWYN_RD N OF WHITEHORSE_RD,TOORAK_RD W OF BURKE_RD,10.19964967912785
TOORAK_RD W OF BURKE_RD,BALWYN_RD S OF WHITEHORSE_RD,9.19810128650644
BALWYN_RD S OF WHITEHORSE_RD,TOORAK_RD W OF BURKE_RD,9.19810128650644
TOORAK_RD W OF BURKE_RD,GLENFERRIE_RD N OF BURWOOD_RD,5.287455292760482
GLENFERRIE_RD N OF BURWOOD_RD,TOORAK_RD W OF BURKE_RD,5.287455292760482
TOORAK_RD W OF BURKE_RD,GLENFERRIE_RD N OF RIVERSDALE_RD,5.287455292760482
GLENFERRIE_RD N OF RIVERSDALE_RD,TOORAK_RD W OF BURKE_RD,5.287455292760482
TOORAK_RD W OF BURKE_RD,TOORAK_RD E OF TOORONGA_RD,6.353833071961588
TOORAK_RD E OF TOORONGA_RD,TOORAK_RD W OF BURKE_RD,6.353833071961588
TOORAK_RD W OF BURKE_RD,HARP_RD E OF HIGH_ST,7.993533036310839
HARP_RD E OF HIGH_ST,TOORAK_RD W OF BURKE_RD,7.993533036310839
TOORAK_RD W OF BURKE_RD,VALERIE_ST W OF HIGH_ST,7.366858346799397
VALERIE_ST W OF HIGH_ST,TOORAK_RD W OF BURKE_RD,7.366858346799397
TOORAK_RD W OF BURKE_RD,COTHAM_RD E OF GLENFERRIE_RD,5.802301716470627
COTHAM_RD E OF GLENFERRIE_RD,TOORAK_RD W OF BURKE_RD,5.802301716470627
BALWYN_RD N OF BELMORE_RD,BELMORE_RD E OF BALWYN_RD,0.9091914730617061
BELMORE_RD E OF BALWYN_RD,BALWYN_RD N OF BELMORE_RD,0.9091914730617061
BALWYN_RD N OF BELMORE_RD,BALWYN_RD S OF BELMORE_RD,2.0478555636834725
BALWYN_RD S OF BELMORE_RD,BALWYN_RD N OF BELMORE_RD,2.0478555636834725
BALWYN_RD N OF BELMORE_RD,BALWYN_RD S OF WHITEHORSE_RD,2.0478555636834725
BALWYN_RD S OF WHITEHORSE_RD,BALWYN_RD N OF BELMORE_RD,2.0478555636834725
BALWYN_RD N OF BELMORE_RD,GLENFERRIE_RD N OF BURWOOD_RD,9.110418996216822
GLENFERRIE_RD N OF BURWOOD_RD,BALWYN_RD N OF BELMORE_RD,9.110418996216822
BALWYN_RD N OF BELMORE_RD,GLENFERRIE_RD N OF RIVERSDALE_RD,9.110418996216822
GLENFERRIE_RD N OF RIVERSDALE_RD,BALWYN_RD N OF BELMORE_RD,9.110418996216822
BALWYN_RD N OF BELMORE_RD,TOORAK_RD E OF TOORONGA_RD,6.044593009279566
TOORAK_RD E OF TOORONGA_RD,BALWYN_RD N OF BELMORE_RD,6.044593009279566
BALWYN_RD N OF BELMORE_RD,HARP_RD E OF HIGH_ST,2.372748710847028
HARP_RD E OF HIGH_ST,BALWYN_RD N OF BELMORE_RD,2.372748710847028
BALWYN_RD N OF BELMORE_RD,VALERIE_ST W OF HIGH_ST,3.2395555096780795
VALERIE_ST W OF HIGH_ST,BALWYN_RD N OF BELMORE_RD,3.2395555096780795
BALWYN_RD N OF BELMORE_RD,COTHAM_RD E OF GLENFERRIE_RD,4.58919532789792
COTHAM_RD E OF GLENFERRIE_RD,BALWYN_RD N OF BELMORE_RD,4.58919532789792
BELMORE_RD E OF BALWYN_RD,BALWYN_RD S OF BELMORE_RD,1.5150361554312015
BALWYN_RD S OF BELMORE_RD,BELMORE_RD E OF BALWYN_RD,1.5150361554312015
BELMORE_RD E OF BALWYN_RD,BALWYN_RD N OF WHITEHORSE_RD,0.9091914730617061
BALWYN_RD N OF WHITEHORSE_RD,BELMORE_RD E OF BALWYN_RD,0.9091914730617061
BELMORE_RD E OF BALWYN_RD,BALWYN_RD S OF WHITEHORSE_RD,1.5150361554312015
BALWYN_RD S OF WHITEHORSE_RD,BELMORE_RD E OF BALWYN_RD,1.5150361554312015
BELMORE_RD E OF BALWYN_RD,GLENFERRIE_RD N OF BURWOOD_RD,8.801069787367993
GLENFERRIE_RD N OF BURWOOD_RD,BELMORE_RD E OF BALWYN_RD,8.801069787367993
BELMORE_RD E OF BALWYN_RD,GLENFERRIE_RD N OF RIVERSDALE_RD,8.801069787367993
GLENFERRIE_RD N OF RIVERSDALE_RD,BELMORE_RD E OF BALWYN_RD,8.801069787367993
BELMORE_RD E OF BALWYN_RD,TOORAK_RD E OF TOORONGA_RD,5.688017742023712
TOORAK_RD E OF TOORONGA_RD,BELMORE_RD E OF BALWYN_RD,5.688017742023712
BELMORE_RD E OF BALWYN_RD,HARP_RD E OF HIGH_ST,2.906997995034855
HARP_RD E OF HIGH_ST,BELMORE_RD E OF BALWYN_RD,2.906997995034855
BELMORE_RD E OF BALWYN_RD,VALERIE_ST W OF HIGH_ST,3.8092111032040723
VALERIE_ST W OF HIGH_ST,BELMORE_RD E OF BALWYN_RD,3.8092111032040723
BELMORE_RD E OF BALWYN_RD,COTHAM_RD E OF GLENFERRIE_RD,4.987045012556786
COTHAM_RD E OF GLENFERRIE_RD,BELMORE_RD E OF BALWYN_RD,4.987045012556786
BALWYN_RD S OF BELMORE_RD,BALWYN_RD N OF WHITEHORSE_RD,2.0478555636834725
BALWYN_RD N OF WHITEHORSE_RD,BALWYN_RD S OF BELMORE_RD,2.0478555636834725
BALWYN_RD S OF BELMORE_RD,GLENFERRIE_RD N OF BURWOOD_RD,7.295274987937623
GLENFERRIE_RD N OF BURWOOD_RD,BALWYN_RD S OF BELMORE_RD,7.295274987937623
BALWYN_RD S OF BELMORE_RD,GLENFERRIE_RD N OF RIVERSDALE_RD,7.295274987937623
GLENFERRIE_RD N OF RIVERSDALE_RD,BALWYN_RD S OF BELMORE_RD,7.295274987937623
BALWYN_RD S OF BELMORE_RD,TOORAK_RD E OF TOORONGA_RD,4.177897316674048
TOORAK_RD E OF TOORONGA_RD,BALWYN_RD S OF BELMORE_RD,4.177897316674048
BALWYN_RD S OF BELMORE_RD,HARP_RD E OF HIGH_ST,2.690164560388921
HARP_RD E OF HIGH_ST,BALWYN_RD S OF BELMORE_RD,2.690164560388921
BALWYN_RD S OF BELMORE_RD,VALERIE_ST W OF HIGH_ST,3.512965129970175
VALERIE_ST W OF HIGH_ST,BALWYN_RD S OF BELMORE_RD,3.512965129970175
BALWYN_RD S OF BELMORE_RD,COTHAM_RD E OF GLENFERRIE_RD,4.267088471803964
COTHAM_RD E OF GLENFERRIE_RD,BALWYN_RD S OF BELMORE_RD,4.267088471803964
BELMORE_RD W OF BALWYN_RD,POWER_ST N OF BURWOOD_RD,34.54982288667738
POWER_ST N OF BURWOOD_RD,BELMORE_RD W OF BALWYN_RD,34.54982288667738
BELMORE_RD W OF BALWYN_RD,POWER_ST S OF BURWOOD_RD,34.54982288667738
POWER_ST S OF BURWOOD_RD,BELMORE_RD W OF BALWYN_RD,34.54982288667738
BELMORE_RD W OF BALWYN_RD,BURWOOD_RD W OF POWER_ST,12.206145390908437
BURWOOD_RD W OF POWER_ST,BELMORE_RD W OF BALWYN_RD,12.206145390908437
BELMORE_RD W OF BALWYN_RD,BURWOOD_RD W OF GLENFERRIE_RD,12.206145390908437
BURWOOD_RD W OF GLENFERRIE_RD,BELMORE_RD W OF BALWYN_RD,12.206145390908437
BELMORE_RD W OF BALWYN_RD,BURWOOD_RD W OF AUBURN_RD,12.206145390908437
BURWOOD_RD W OF AUBURN_RD,BELMORE_RD W OF BALWYN_RD,12.206145390908437
BELMORE_RD W OF BALWYN_RD,TOORONGA_RD S OF RIVERSDALE_RD,34.70244131770918
TOORONGA_RD S OF RIVERSDALE_RD,BELMORE_RD W OF BALWYN_RD,34.70244131770918
BELMORE_RD W OF BALWYN_RD,TOORONGA_RD N OF TOORAK_RD,34.70244131770918
TOORONGA_RD N OF TOORAK_RD,BELMORE_RD W OF BALWYN_RD,34.70244131770918
BELMORE_RD W OF BALWYN_RD,WALMER_ST N OF VICTORIA_ST,8.72512383445624
WALMER_ST N OF VICTORIA_ST,BELMORE_RD W OF BALWYN_RD,8.72512383445624
BALWYN_RD N OF WHITEHORSE_RD,BALWYN_RD S OF WHITEHORSE_RD,2.0478555636834725
BALWYN_RD S OF WHITEHORSE_RD,BALWYN_RD N OF WHITEHORSE_RD,2.0478555636834725
BALWYN_RD N OF WHITEHORSE_RD,GLENFERRIE_RD N OF BURWOOD_RD,9.110418996216822
GLENFERRIE_RD N OF BURWOOD_RD,BALWYN_RD N OF WHITEHORSE_RD,9.110418996216822
BALWYN_RD N OF WHITEHORSE_RD,GLENFERRIE_RD N OF RIVERSDALE_RD,9.110418996216822
GLENFERRIE_RD N OF RIVERSDALE_RD,BALWYN_RD N OF WHITEHORSE_RD,9.110418996216822
BALWYN_RD N OF WHITEHORSE_RD,TOORAK_RD E OF TOORONGA_RD,6.044593009279566
TOORAK_RD E OF TOORONGA_RD,BALWYN_RD N OF WHITEHORSE_RD,6.044593009279566
BALWYN_RD N OF WHITEHORSE_RD,HARP_RD E OF HIGH_ST,2.372748710847028
HARP_RD E OF HIGH_ST,BALWYN_RD N OF WHITEHORSE_RD,2.372748710847028
BALWYN_RD N OF WHITEHORSE_RD,VALERIE_ST W OF HIGH_ST,3.2395555096780795
VALERIE_ST W OF HIGH_ST,BALWYN_RD N OF WHITEHORSE_RD,3.2395555096780795
BALWYN_RD N OF WHITEHORSE_RD,COTHAM_RD E OF GLENFERRIE_RD,4.58919532789792
COTHAM_RD E OF GLENFERRIE_RD,BALWYN_RD N OF WHITEHORSE_RD,4.58919532789792
BALWYN_RD S OF WHITEHORSE_RD,GLENFERRIE_RD N OF BURWOOD_RD,7.295274987937623
GLENFERRIE_RD N OF BURWOOD_RD,BALWYN_RD S OF WHITEHORSE_RD,7.295274987937623
BALWYN_RD S OF WHITEHORSE_RD,GLENFERRIE_RD N OF RIVERSDALE_RD,7.295274987937623
GLENFERRIE_RD N OF RIVERSDALE_RD,BALWYN_RD S OF WHITEHORSE_RD,7.295274987937623
BALWYN_RD S OF WHITEHORSE_RD,TOORAK_RD E OF TOORONGA_RD,4.177897316674048
TOORAK_RD E OF TOORONGA_RD,BALWYN_RD S OF WHITEHORSE_RD,4.177897316674048
BALWYN_RD S OF WHITEHORSE_RD,HARP_RD E OF HIGH_ST,2.690164560388921
HARP_RD E OF HIGH_ST,BALWYN_RD S OF WHITEHORSE_RD,2.690164560388921
BALWYN_RD S OF WHITEHORSE_RD,VALERIE_ST W OF HIGH_ST,3.512965129970175
VALERIE_ST W OF HIGH_ST,BALWYN_RD S OF WHITEHORSE_RD,3.512965129970175
BALWYN_RD S OF WHITEHORSE_RD,COTHAM_RD E OF GLENFERRIE_RD,4.267088471803964
COTHAM_RD E OF GLENFERRIE_RD,BALWYN_RD S OF WHITEHORSE_RD,4.267088471803964
POWER_ST N OF BURWOOD_RD,BURWOOD_RD W OF POWER_ST,33.11059449024966
BURWOOD_RD W OF POWER_ST,POWER_ST N OF BURWOOD_RD,33.11059449024966
POWER_ST N OF BURWOOD_RD,BURWOOD_RD W OF GLENFERRIE_RD,33.11059449024966
BURWOOD_RD W OF GLENFERRIE_RD,POWER_ST N OF BURWOOD_RD,33.11059449024966
POWER_ST N OF BURWOOD_RD,BURWOOD_RD W OF AUBURN_RD,33.11059449024966
BURWOOD_RD W OF AUBURN_RD,POWER_ST N OF BURWOOD_RD,33.11059449024966
POWER_ST N OF BURWOOD_RD,TOORONGA_RD S OF RIVERSDALE_RD,40.83205825872841
TOORONGA_RD S OF RIVERSDALE_RD,POWER_ST N OF BURWOOD_RD,40.83205825872841
POWER_ST N OF BURWOOD_RD,TOORONGA_RD N OF TOORAK_RD,40.83205825872841
TOORONGA_RD N OF TOORAK_RD,POWER_ST N OF BURWOOD_RD,40.83205825872841
POWER_ST N OF BURWOOD_RD,WALMER_ST N OF VICTORIA_ST,42.50904912770727
WALMER_ST N OF VICTORIA_ST,POWER_ST N OF BURWOOD_RD,42.50904912770727
POWER_ST S OF BURWOOD_RD,BURWOOD_RD W OF POWER_ST,33.11059449024966
BURWOOD_RD W OF POWER_ST,POWER_ST S OF BURWOOD_RD,33.11059449024966
POWER_ST S OF BURWOOD_RD,BURWOOD_RD W OF GLENFERRIE_RD,33.11059449024966
BURWOOD_RD W OF GLENFERRIE_RD,POWER_ST S OF BURWOOD_RD,33.11059449024966
POWER_ST S OF BURWOOD_RD,BURWOOD_RD W OF AUBURN_RD,33.11059449024966
BURWOOD_RD W OF AUBURN_RD,POWER_ST S OF BURWOOD_RD,33.11059449024966
POWER_ST S OF BURWOOD_RD,TOORONGA_RD S OF RIVERSDALE_RD,40.83205825872841
TOORONGA_RD S OF RIVERSDALE_RD,POWER_ST S OF BURWOOD_RD,40.83205825872841
POWER_ST S OF BURWOOD_RD,TOORONGA_RD N OF TOORAK_RD,40.83205825872841
TOORONGA_RD N OF TOORAK_RD,POWER_ST S OF BURWOOD_RD,40.83205825872841
POWER_ST S OF BURWOOD_RD,WALMER_ST N OF VICTORIA_ST,42.50904912770727
WALMER_ST N OF VICTORIA_ST,POWER_ST S OF BURWOOD_RD,42.50904912770727
BURWOOD_RD W OF POWER_ST,TOORONGA_RD S OF RIVERSDALE_RD,22.49794074978719
TOORONGA_RD S OF RIVERSDALE_RD,BURWOOD_RD W OF POWER_ST,22.49794074978719
BURWOOD_RD W OF POWER_ST,TOORONGA_RD N OF TOORAK_RD,22.49794074978719
TOORONGA_RD N OF TOORAK_RD,BURWOOD_RD W OF POWER_ST,22.49794074978719
BURWOOD_RD W OF POWER_ST,WALMER_ST N OF VICTORIA_ST,13.71418755345417
WALMER_ST N OF VICTORIA_ST,BURWOOD_RD W OF POWER_ST,13.71418755345417
GLENFERRIE_RD N OF BURWOOD_RD,TOORAK_RD E OF TOORONGA_RD,3.121038383235998
TOORAK_RD E OF TOORONGA_RD,GLENFERRIE_RD N OF BURWOOD_RD,3.121038383235998
GLENFERRIE_RD N OF BURWOOD_RD,HARP_RD E OF HIGH_ST,7.804872605998811
HARP_RD E OF HIGH_ST,GLENFERRIE_RD N OF BURWOOD_RD,7.804872605998811
GLENFERRIE_RD N OF BURWOOD_RD,VALERIE_ST W OF HIGH_ST,7.743196698670422
VALERIE_ST W OF HIGH_ST,GLENFERRIE_RD N OF BURWOOD_RD,7.743196698670422
GLENFERRIE_RD N OF BURWOOD_RD,COTHAM_RD E OF GLENFERRIE_RD,6.592167167624153
COTHAM_RD E OF GLENFERRIE_RD,GLENFERRIE_RD N OF BURWOOD_RD,6.592167167624153
BURWOOD_RD W OF GLENFERRIE_RD,TOORONGA_RD S OF RIVERSDALE_RD,22.49794074978719
TOORONGA_RD S OF RIVERSDALE_RD,BURWOOD_RD W OF GLENFERRIE_RD,22.49794074978719
BURWOOD_RD W OF GLENFERRIE_RD,TOORONGA_RD N OF TOORAK_RD,22.49794074978719
TOORONGA_RD N OF TOORAK_RD,BURWOOD_RD W OF GLENFERRIE_RD,22.49794074978719
BURWOOD_RD W OF GLENFERRIE_RD,WALMER_ST N OF VICTORIA_ST,13.71418755345417
WALMER_ST N OF VICTORIA_ST,BURWOOD_RD W OF GLENFERRIE_RD,13.71418755345417
AUBURN_RD N OF BURWOOD_RD,AUBURN_RD S OF BURWOOD_RD,12.834512948618372
AUBURN_RD S OF BURWOOD_RD,AUBURN_RD N OF BURWOOD_RD,12.834512948618372
BURWOOD_RD W OF AUBURN_RD,TOORONGA_RD S OF RIVERSDALE_RD,22.49794074978719
TOORONGA_RD S OF RIVERSDALE_RD,BURWOOD_RD W OF AUBURN_RD,22.49794074978719
BURWOOD_RD W OF AUBURN_RD,TOORONGA_RD N OF TOORAK_RD,22.49794074978719
TOORONGA_RD N OF TOORAK_RD,BURWOOD_RD W OF AUBURN_RD,22.49794074978719
BURWOOD_RD W OF AUBURN_RD,WALMER_ST N OF VICTORIA_ST,13.71418755345417
WALMER_ST N OF VICTORIA_ST,BURWOOD_RD W OF AUBURN_RD,13.71418755345417
GLENFERRIE_RD N OF RIVERSDALE_RD,TOORAK_RD E OF TOORONGA_RD,3.121038383235998
TOORAK_RD E OF TOORONGA_RD,GLENFERRIE_RD N OF RIVERSDALE_RD,3.121038383235998
GLENFERRIE_RD N OF RIVERSDALE_RD,HARP_RD E OF HIGH_ST,7.804872605998811
HARP_RD E OF HIGH_ST,GLENFERRIE_RD N OF RIVERSDALE_RD,7.804872605998811
GLENFERRIE_RD N OF RIVERSDALE_RD,VALERIE_ST W OF HIGH_ST,7.743196698670422
VALERIE_ST W OF HIGH_ST,GLENFERRIE_RD N OF RIVERSDALE_RD,7.743196698670422
GLENFERRIE_RD N OF RIVERSDALE_RD,COTHAM_RD E OF GLENFERRIE_RD,6.592167167624153
COTHAM_RD E OF GLENFERRIE_RD,GLENFERRIE_RD N OF RIVERSDALE_RD,6.592167167624153
RIVERSDALE_RD W OF GLENFERRIE_RD,COTHAM_RD W OF GLENFERRIE_RD,98.5148085252227
COTHAM_RD W OF GLENFERRIE_RD,RIVERSDALE_RD W OF GLENFERRIE_RD,98.5148085252227
TOORONGA_RD S OF RIVERSDALE_RD,WALMER_ST N OF VICTORIA_ST,34.39441445712245
WALMER_ST N OF VICTORIA_ST,TOORONGA_RD S OF RIVERSDALE_RD,34.39441445712245
RIVERSDALE_RD W OF TOORONGA_RD,COTHAM_RD W OF GLENFERRIE_RD,98.5148085252227
COTHAM_RD W OF GLENFERRIE_RD,RIVERSDALE_RD W OF TOORONGA_RD,98.5148085252227
TOORONGA_RD N OF TOORAK_RD,WALMER_ST N OF VICTORIA_ST,34.39441445712245
WALMER_ST N OF VICTORIA_ST,TOORONGA_RD N OF TOORAK_RD,34.39441445712245
TOORAK_RD E OF TOORONGA_RD,HARP_RD E OF HIGH_ST,5.056600850512914
HARP_RD E OF HIGH_ST,TOORAK_RD E OF TOORONGA_RD,5.056600850512914
TOORAK_RD E OF TOORONGA_RD,VALERIE_ST W OF HIGH_ST,5.2331375355750955
VALERIE_ST W OF HIGH_ST,TOORAK_RD E OF TOORONGA_RD,5.2331375355750955
TOORAK_RD E OF TOORONGA_RD,COTHAM_RD E OF GLENFERRIE_RD,4.530046771581606
COTHAM_RD E OF GLENFERRIE_RD,TOORAK_RD E OF TOORONGA_RD,4.530046771581606
HIGH_ST NE OF HARP_ST,HIGH_ST SW OF HARP_ST,28.449614340259
HIGH_ST SW OF HARP_ST,HIGH_ST NE OF HARP_ST,28.449614340259
HARP_RD E OF HIGH_ST,VALERIE_ST W OF HIGH_ST,0.9031836184143917
VALERIE_ST W OF HIGH_ST,HARP_RD E OF HIGH_ST,0.9031836184143917
HARP_RD E OF HIGH_ST,COTHAM_RD E OF GLENFERRIE_RD,2.2485835777142333
COTHAM_RD E OF GLENFERRIE_RD,HARP_RD E OF HIGH_ST,2.2485835777142333
HIGH_ST SW OF HARP_ST,HIGH_ST NE OF CHARLES_ST,28.449614340259
HIGH_ST NE OF CHARLES_ST,HIGH_ST SW OF HARP_ST,28.449614340259
VALERIE_ST W OF HIGH_ST,COTHAM_RD E OF GLENFERRIE_RD,1.5661108836718232
COTHAM_RD E OF GLENFERRIE_RD,VALERIE_ST W OF HIGH_ST,1.5661108836718232
